dt,gw,status,home,away,pH,pD,pA,pO25,o1,ox,o2,o25,iH,iD,iA,hg,ag,res
2026-01-26 20:00:00,2.0,complete,Platense,Instituto,0.3673868242101222,0.248405003214087,0.3842081725757909,0.6031899508433459,2.62,2.65,3.35,3.6,0.360910661652607,0.3568248805772945,0.2822644577700986,2,1,H
2026-01-27 20:45:00,2.0,complete,Vélez Sarsfield,Talleres Córdoba,0.20661084168619911,0.2372952477128163,0.5560939106009845,0.552920942764933,2.31,2.9,3.74,2.72,0.4142160981347673,0.3299445471349353,0.2558393547302974,2,1,H
2026-01-27 23:00:00,2.0,complete,Huracán,Independiente Rivadavia,0.2769455403492835,0.26076725946643264,0.4622872001842839,0.520582349781948,2.09,2.7,4.2,2.89,0.4402003027832771,0.3407476417840922,0.2190520554326307,1,2,A
2026-01-27 23:00:00,2.0,complete,Gimnasia Mendoza,San Lorenzo,0.2947237694745336,0.23679341236375723,0.4684828181617092,0.633418418333936,2.65,2.69,2.22,3.12,0.31458176397149074,0.3099039682247028,0.3755142678038064,0,1,A
2026-01-28 01:15:00,2.0,complete,Atlético Tucumán,Central Córdoba SdE,0.3885972858449081,0.22399616749836704,0.3874065466567248,0.7180460765090027,2.2,3.1,3.6,2.21,0.43088803088803085,0.30579150579150577,0.2633204633204633,0,0,D
2026-01-28 01:15:00,2.0,complete,Newell's Old Boys,Independiente,0.3325659500643568,0.27509052263787137,0.39234352729777194,0.48450716651574544,2.97,2.66,2.5,2.61,0.3026138556190615,0.33788088390549353,0.3595052604754451,1,1,D
2026-01-28 20:00:00,2.0,complete,Aldosivi,Barracas Central,0.39794982960706077,0.289933623470101,0.3121165469228384,0.424095377989246,2.5,2.75,3.5,3.15,0.38118811881188125,0.34653465346534656,0.2722772277227723,0,0,D
2026-01-28 22:00:00,2.0,complete,Racing Club,Rosario Central,0.27167144285749356,0.21466446050983048,0.513664096632676,0.7177817007535479,2.15,3.1,3.5,2.19,0.4333067092651757,0.30051916932907347,0.2661741214057508,1,2,A
2026-01-28 23:00:00,2.0,complete,River Plate,Gimnasia La Plata,0.715924676091614,0.16729746637240656,0.11677785753597929,0.6918750391170265,1.51,4.0,7.03,2.2,0.6280248261876527,0.23707937188583886,0.13489580192650857,2,0,H
2026-01-29 01:15:00,2.0,complete,Estudiantes,Boca Juniors,0.14314208832801373,0.19681165588497482,0.6600462557870114,0.620424406623834,3.08,2.73,2.7,3.1,0.3059090116785776,0.3451281157399337,0.3489628725814885,2,1,H
2026-01-29 20:00:00,2.0,complete,Deportivo Riestra,Defensa y Justicia,0.284213851369355,0.330481170934156,0.3853049776964889,0.2938386652290176,2.14,2.8,3.55,3.1,0.42245739300437757,0.32287815036763146,0.25466445662799103,0,1,A
2026-01-29 22:15:00,2.0,complete,Belgrano,Tigre,0.5065556076867672,0.2448427401963166,0.2486016521169162,0.5655087193895855,1.9,2.82,4.35,2.8,0.4738122827346466,0.3192352259559676,0.20695249130938592,1,1,D
2026-01-29 22:15:00,2.0,complete,Lanús,Unión Santa Fe,0.5448183943465202,0.21515531876168717,0.24002628689179267,0.6872510161318812,2.05,2.9,4.2,2.7,0.45558256966523286,0.32204974752197496,0.2223676828127922,2,1,H
2026-01-30 00:30:00,2.0,complete,Sarmiento,Banfield,0.15838674650683712,0.29779746237113336,0.5438157911220297,0.30068330204471105,3.5,2.62,2.3,2.83,0.25922739396025124,0.3462961369698012,0.39447646906994754,1,0,H
2026-01-30 00:30:00,2.0,complete,Estudiantes Río Cuarto,Argentinos Juniors,0.15062085185660462,0.16478561505107336,0.6845935330923221,0.7841456525789132,5.25,3.1,1.8,2.85,0.17824628653569718,0.3018687110685194,0.5198850023957835,0,0,D
2026-01-31 20:30:00,3.0,complete,San Lorenzo,Central Córdoba SdE,0.5183426433803272,0.24737373815472175,0.23428361846495097,0.5419595678751794,1.88,2.84,5.47,2.94,0.4985878244794208,0.33005109507792646,0.17136108044265286,1,0,H
2026-01-31 22:45:00,3.0,complete,Independiente,Vélez Sarsfield,0.32415480000715385,0.285539371523972,0.39030582846887424,0.4427448994032601,2.1,2.95,3.9,2.88,0.44438006952491305,0.3163383545770567,0.23928157589803015,1,1,D
2026-02-01 01:00:00,3.0,complete,Atlético Tucumán,Huracán,0.6287863427309922,0.20512912085181453,0.16608453641719342,0.6289841532369367,2.6,2.73,3.2,3.1,0.3616792249730893,0.34445640473627553,0.2938643702906351,1,1,D
2026-02-01 01:00:00,3.0,complete,Talleres Córdoba,Platense,0.5680913232973491,0.20740672679019945,0.22450194991245148,0.7051437958292409,1.98,2.8,4.33,2.8,0.46201803257448154,0.3267127516062405,0.2112692158192779,1,2,A
2026-02-01 20:00:00,3.0,complete,Barracas Central,Deportivo Riestra,0.45165136952173784,0.27554032445241095,0.2728083060258515,0.4609699540193454,3.12,2.33,2.85,3.94,0.29122317681266197,0.38996408225558177,0.31881274093175627,1,1,D
2026-02-01 22:15:00,3.0,complete,Boca Juniors,Newell's Old Boys,0.5917817193362003,0.21426402808146475,0.19395425258233484,0.634145145954233,1.55,3.9,6.5,2.39,0.6112852664576801,0.24294670846394983,0.1457680250783699,2,0,H
2026-02-02 00:30:00,3.0,complete,Rosario Central,River Plate,0.25896817676209366,0.20672794191845834,0.5343038813194478,0.743199526083735,2.8,2.9,2.87,2.65,0.3400057191878753,0.3282813840434658,0.3317128967686588,0,0,D
2026-02-02 20:30:00,3.0,complete,Gimnasia La Plata,Aldosivi,0.24978046335639567,0.32107501236081315,0.42914452428279115,0.3067392884715936,2.2,2.77,4.36,3.1,0.43500749193176574,0.34549331489165513,0.21949919317657904,3,1,H
2026-02-02 22:45:00,3.0,complete,Defensa y Justicia,Estudiantes,0.3196027460550178,0.29047790877624924,0.38991934516873294,0.42383467229640903,2.93,2.8,2.41,2.7,0.30654195418224434,0.3207742591978485,0.372683786619907,0,0,D
2026-02-02 22:45:00,3.0,complete,Tigre,Racing Club,0.22457232141096203,0.2345495823597098,0.540878096229328,0.5853820716523042,3.5,2.85,2.33,3.01,0.26808098342786785,0.3292222603500131,0.4026967562221191,3,1,H
2026-02-03 01:00:00,3.0,complete,Argentinos Juniors,Belgrano,0.6150857185723165,0.18859021104296386,0.1963240703847198,0.7535240387776887,1.54,3.25,5.7,2.3,0.5733873963105114,0.2716974124055962,0.15491519128389253,0,0,D
2026-02-03 01:00:00,3.0,complete,Unión Santa Fe,Gimnasia Mendoza,0.4295152707587113,0.250328612459923,0.32015611678136574,0.5850800405059309,1.72,2.95,4.7,2.63,0.5130814491359212,0.2991525737334863,0.18776597713059245,4,0,H
2026-02-03 22:00:00,3.0,complete,Banfield,Estudiantes Río Cuarto,0.4456916976685189,0.28721416465358673,0.26709413767789447,0.41632913969037855,1.9,2.9,3.95,2.87,0.4681242337556191,0.306702084184716,0.22517368205966487,2,1,H
2026-02-04 00:15:00,3.0,complete,Instituto,Lanús,0.39440171186998296,0.23764705539224987,0.36795123273776714,0.6529141038932147,2.86,2.54,2.57,2.85,0.308753973058877,0.34765211139700314,0.34359391554411983,2,2,D
2026-02-04 00:15:00,3.0,complete,Independiente Rivadavia,Sarmiento,0.4127556901465507,0.2572860985982394,0.32995821125520985,0.5578248147178759,1.64,3.25,4.15,2.57,0.5263722754502702,0.26561554822721334,0.20801217632251642,2,1,H
2026-02-07 00:00:00,4.0,complete,Central Córdoba SdE,Unión Santa Fe,0.22135956429454184,0.2251314908294135,0.5535089448760449,0.622372520956851,3.16,2.77,2.56,3.1,0.29628144062839473,0.33799615609593053,0.3657224032756748,1,0,H
2026-02-07 20:00:00,4.0,complete,Aldosivi,Rosario Central,0.32061792494208796,0.2588592613264511,0.42052281373146094,0.5483802249373426,4.0,2.9,2.2,3.4,0.23823749066467512,0.3286034353995519,0.4331590739357729,1,1,D
2026-02-07 21:00:00,4.0,complete,Racing Club,Argentinos Juniors,0.34191793460027764,0.210070872193182,0.44801119320654026,0.7754315140122529,2.62,3.0,3.04,2.34,0.36560726083191686,0.3192970077932074,0.3150957313748758,2,1,H
2026-02-07 23:00:00,4.0,complete,River Plate,Tigre,0.6195083265054269,0.1997443384691126,0.1807473350254605,0.6785614796590353,1.57,3.65,6.0,2.35,0.5910851405514096,0.25424758100430495,0.15466727844428552,1,4,A
2026-02-08 01:15:00,4.0,complete,Belgrano,Banfield,0.4739873502936068,0.2479933099978112,0.278019339708582,0.5743351439342381,1.95,3.25,4.2,2.25,0.4844290657439447,0.2906574394463668,0.22491349480968856,1,0,H
2026-02-08 01:15:00,4.0,complete,Newell's Old Boys,Defensa y Justicia,0.27867927973663986,0.28154911714427344,0.4397716031190866,0.4420248506932627,2.03,2.91,4.04,2.94,0.4545310440017166,0.3170783571558366,0.22839059884244667,2,3,A
2026-02-08 20:00:00,4.0,complete,Sarmiento,Atlético Tucumán,0.44675295379451013,0.2252944389425686,0.3279526072629213,0.7011135806753495,2.7,2.88,2.78,2.5,0.34379347658061526,0.3223063842943268,0.333900139125058,2,1,H
2026-02-08 20:00:00,4.0,complete,Platense,Independiente,0.43649887898328277,0.27570549209564066,0.28779562892107674,0.46786546487697445,3.12,2.75,2.7,3.08,0.3039420361046297,0.3448360555077981,0.35122190838757217,0,1,A
2026-02-08 22:15:00,4.0,complete,Huracán,San Lorenzo,0.2588738268609296,0.27228225995266725,0.46884391318640317,0.46468357978834174,2.6,2.5,3.56,4.2,0.3609669046073978,0.3754055807916938,0.26362751460090855,1,0,H
2026-02-09 01:15:00,4.0,complete,Vélez Sarsfield,Boca Juniors,0.3708539610521916,0.2613815414610483,0.3677644974867602,0.5451837651661975,3.15,2.73,2.32,2.72,0.284770087810405,0.3285808705504673,0.38664904163912756,2,1,H
2026-02-09 01:15:00,4.0,complete,Gimnasia Mendoza,Instituto,0.355751532660797,0.27951074355566685,0.3647377237835364,0.46938856379995675,3.0,2.8,2.65,3.0,0.31215818258308786,0.334455195624737,0.353386621792175,1,0,H
2026-02-09 20:00:00,4.0,complete,Barracas Central,Gimnasia La Plata,0.4007350019309797,0.2834762826659374,0.31578871540308306,0.4485522169314513,2.8,2.76,2.95,3.0,0.33742229589722333,0.3423124740986324,0.3202652300041442,2,0,H
2026-02-09 22:15:00,4.0,complete,Estudiantes,Deportivo Riestra,0.4983882570392307,0.2710929995944552,0.23051874336631414,0.44786480756227987,1.92,2.9,5.0,3.25,0.488742079007685,0.3235809626533639,0.18767695833895104,1,0,H
2026-02-09 22:15:00,4.0,complete,Lanús,Talleres Córdoba,0.489450521250819,0.2193653449914847,0.29118413375769614,0.7100483351984277,2.02,3.05,3.85,2.45,0.45725355814723234,0.30283678277292114,0.23990965907984654,1,1,D
2026-02-10 00:30:00,4.0,complete,Estudiantes Río Cuarto,Independiente Rivadavia,0.20530292020711707,0.22604215902068256,0.5686549207722003,0.5985677673904973,3.5,2.75,2.45,3.1,0.27017543859649124,0.34385964912280703,0.38596491228070173,0,1,A
2026-02-12 22:00:00,5.0,complete,Tigre,Aldosivi,0.47314308221674783,0.2583680106296526,0.2684889071535996,0.5249613395543402,1.75,3.2,5.2,2.8,0.5309508615188258,0.29036375239310785,0.17868538608806636,1,0,H
2026-02-13 00:15:00,5.0,complete,Argentinos Juniors,River Plate,0.4323325593487231,0.20605081414785625,0.36161662650342064,0.7983565605226959,2.15,2.7,3.35,2.48,0.41015757850583834,0.3266069606620564,0.2632354608321052,1,0,H
2026-02-13 23:00:00,5.0,complete,Independiente,Lanús,0.33743904755435333,0.2552077167862751,0.40735323565937154,0.5686617735696355,2.1,3.0,4.2,2.63,0.4545454545454545,0.3181818181818181,0.22727272727272724,2,0,H
2026-02-14 01:15:00,5.0,complete,Unión Santa Fe,San Lorenzo,0.5191477262736802,0.23848999847356142,0.2423622752527583,0.5867508080607386,2.11,2.53,4.26,3.2,0.42931403283050584,0.3580445095938211,0.21264145757567307,0,0,D
2026-02-14 01:15:00,5.0,complete,Defensa y Justicia,Vélez Sarsfield,0.3141899199401741,0.2791501921701731,0.4066598878896528,0.4644455954927966,3.65,2.75,2.14,2.75,0.24796174184170056,0.32911285735352985,0.42292540080476965,1,1,D
2026-02-14 20:30:00,5.0,complete,Banfield,Racing Club,0.34013977468627193,0.25334496471976153,0.40651526059396653,0.5774234583628772,3.45,2.88,2.19,2.4,0.2650228794009757,0.31747532428241876,0.41750179631660556,0,2,A
2026-02-14 22:45:00,5.0,complete,Huracán,Sarmiento,0.27108405301818767,0.253959475982528,0.4749564709992843,0.5447178342404556,1.8,3.14,5.69,2.75,0.5292145281778168,0.30337138557964016,0.16741408624254306,1,0,H
2026-02-14 22:45:00,5.0,complete,Talleres Córdoba,Gimnasia Mendoza,0.5314200068535513,0.23570510806197123,0.23287488508447754,0.5892969019049581,1.6,3.05,5.5,2.72,0.550812674437695,0.28895091118043015,0.16023641438187491,2,1,H
2026-02-15 01:00:00,5.0,complete,Atlético Tucumán,Estudiantes Río Cuarto,0.5393283628491785,0.2336609882752338,0.2270106488755878,0.5918360470388915,1.68,2.96,5.0,2.5,0.525329395729214,0.2981599273057701,0.17651067696501593,4,0,H
2026-02-15 01:00:00,5.0,complete,Independiente Rivadavia,Belgrano,0.4603983151744429,0.23368140772128845,0.30592027710426856,0.6533336132472429,2.16,2.73,3.3,2.79,0.4088718241973695,0.3235029817825341,0.26762519402009644,0,1,A
2026-02-15 20:00:00,5.0,complete,Gimnasia La Plata,Estudiantes,0.33635085099434475,0.2739121863658753,0.3897369626397799,0.48986935786781094,3.5,2.6,2.3,2.8,0.2585386943363597,0.3480328577604842,0.3934284479031561,0,0,D
2026-02-15 22:30:00,5.0,complete,Boca Juniors,Platense,0.48884620204942486,0.2637697741578557,0.24738402379271954,0.4885223692981926,1.66,3.3,5.8,2.65,0.5588973894761431,0.28114232319102955,0.15996028733282716,0,0,D
2026-02-16 01:00:00,5.0,complete,Rosario Central,Barracas Central,0.42888305844710395,0.25256685433153225,0.3185500872213637,0.5747428172721099,1.57,3.3,6.4,2.6,0.5810338661311177,0.2764312635835924,0.14253487028528983,2,0,H
2026-02-16 01:00:00,5.0,complete,Instituto,Central Córdoba SdE,0.39170882555412523,0.26207221259946134,0.34621896184641326,0.5405505177385117,1.76,3.0,4.75,2.64,0.5109358192900681,0.2997490139835066,0.18931516672642523,2,0,H
2026-02-16 22:00:00,5.0,complete,Deportivo Riestra,Newell's Old Boys,0.32232533591282897,0.26949235123128895,0.40818231285588213,0.5046932859168893,2.35,2.68,3.5,2.89,0.3924193615864118,0.34409906706271176,0.26348157135087646,1,1,D
2026-02-20 20:15:00,6.0,complete,Defensa y Justicia,Belgrano,0.2579122987876506,0.2611367823278571,0.4809509188844924,0.5066060168802845,3.26,2.8,2.58,2.5,0.2917279144523236,0.3396546432552054,0.3686174422924709,1,1,D
2026-02-20 20:45:00,6.0,complete,Estudiantes,Sarmiento,0.4604950529531867,0.2498565633557738,0.28964838369103946,0.5733312051917581,1.65,3.4,6.5,2.65,0.5749967477559516,0.27904253935215295,0.1459607128918954,1,0,H
2026-02-20 23:00:00,6.0,complete,Instituto,Atlético Tucumán,0.35447756861562,0.23978594546201296,0.40573648592236694,0.6413499159535656,1.99,3.1,3.9,2.3,0.46464258262874714,0.2982705611068409,0.23708685626441206,2,1,H
2026-02-20 23:00:00,6.0,complete,Boca Juniors,Racing Club,0.38643926272681917,0.24730021034666438,0.3662605269265164,0.6081701423920309,2.25,2.92,3.2,2.6,0.40425716016267194,0.3114995240979493,0.2842433157393787,0,0,D
2026-02-21 01:15:00,6.0,complete,Gimnasia Mendoza,Gimnasia La Plata,0.3730611132329037,0.29074970773249653,0.3361891790346,0.42541065030334124,2.56,2.9,3.0,2.72,0.3654847924718535,0.3226348512854983,0.3118803562426483,0,1,A
2026-02-21 01:15:00,6.0,complete,Rosario Central,Talleres Córdoba,0.4290923414682941,0.23171293522113184,0.339194723310574,0.6751978743299232,1.94,3.15,4.25,2.55,0.4825454610989962,0.2971867284228738,0.22026781047813002,0,1,A
2026-02-21 20:00:00,6.0,complete,Platense,Barracas Central,0.39369951779427503,0.28424510332412967,0.32205537888159524,0.4471365439481283,2.0,2.91,4.1,3.31,0.45975106932295473,0.31598011637316475,0.22426881430388038,1,0,H
2026-02-21 20:00:00,6.0,complete,Independiente Rivadavia,Independiente,0.5166653726900993,0.23249310826804126,0.2508415190418594,0.6205120990850511,2.73,2.58,2.64,2.75,0.32339116314844885,0.34219297495940515,0.334415861892146,3,2,H
2026-02-21 22:15:00,6.0,complete,Deportivo Riestra,Huracán,0.3502682104059667,0.2825988394376849,0.36713295015634845,0.45709394724040053,2.75,2.6,2.95,3.18,0.33445982775536903,0.35375558704894794,0.311784585195683,0,0,D
2026-02-21 22:15:00,6.0,complete,Banfield,Newell's Old Boys,0.4244211336037417,0.2610847513477438,0.31449411504851454,0.5369513214829424,2.38,3.0,3.25,2.48,0.39593908629441626,0.3141116751269035,0.2899492385786802,3,0,H
2026-02-22 00:30:00,6.0,complete,Central Córdoba SdE,Tigre,0.2720904887873995,0.2665675752914509,0.46134193592114947,0.49467666321715786,3.42,2.65,2.47,2.9,0.272095411104968,0.35115709659584554,0.37674749229918647,0,0,D
2026-02-22 20:00:00,6.0,complete,San Lorenzo,Estudiantes Río Cuarto,0.4902569737484964,0.2761925595283487,0.23355046672315474,0.4324311764767026,1.65,3.3,7.0,3.1,0.5761316872427984,0.2880658436213992,0.13580246913580246,2,0,H
2026-02-22 22:15:00,6.0,complete,Vélez Sarsfield,River Plate,0.383104636115982,0.23965875967731437,0.37723660420670346,0.6439891722475597,2.8,2.9,2.5,2.39,0.3240947697809566,0.3129190880643719,0.3629861421546714,1,0,H
2026-02-23 00:30:00,6.0,complete,Unión Santa Fe,Aldosivi,0.5939772996585488,0.2076593972308382,0.19836330311061287,0.6699868715671213,1.58,3.6,6.36,2.55,0.5926570168354351,0.2601105796111077,0.14723240355345718,1,0,H
2026-02-24 20:00:00,7.0,complete,Platense,Defensa y Justicia,0.44891319224852316,0.280371034767504,0.2707157729839729,0.44221159580477365,1.98,2.94,4.67,2.65,0.4767688974081173,0.3210892574381198,0.2021418451537628,0,0,D
2026-02-24 22:15:00,7.0,complete,San Lorenzo,Instituto,0.35636924706639195,0.27285926620476825,0.37077148672883997,0.49622319476133125,2.55,2.8,3.33,2.9,0.3736250525936167,0.34026567289775805,0.2861092745086254,1,1,D
2026-02-24 22:45:00,7.0,complete,Central Córdoba SdE,Talleres Córdoba,0.27214834544236527,0.2488184505066045,0.47903320405103,0.5669469565644012,3.63,2.54,2.32,2.7,0.25038878927196556,0.3578390964792263,0.3917721142488082,2,0,H
2026-02-25 00:30:00,7.0,complete,Belgrano,Atlético Tucumán,0.5128254919352295,0.23034233578734564,0.2568321722774247,0.6352465515109094,1.67,3.6,4.95,2.25,0.5551661292583765,0.25753539885041354,0.18729847189120985,3,1,H
2026-02-25 01:00:00,7.0,complete,Gimnasia Mendoza,Independiente,0.3626804949616511,0.2557681790348933,0.38155132600345554,0.5697450781105082,3.6,2.62,2.19,2.88,0.24888738515993025,0.3419826666319652,0.4091299482081045,1,1,D
2026-02-25 20:00:00,7.0,complete,Barracas Central,Tigre,0.2823832814572463,0.26056155749549675,0.457055161047257,0.5245530065586567,3.02,2.92,2.54,3.0,0.3102484731866478,0.3208734208985192,0.3688781059148331,2,1,H
2026-02-25 20:00:00,7.0,complete,Gimnasia La Plata,Rosario Central,0.3143367852955539,0.2577493717217512,0.42791384298269475,0.5509632374460998,3.39,3.04,2.26,2.88,0.27661510464058237,0.30846223839854414,0.41492265696087355,1,2,A
2026-02-25 22:30:00,7.0,complete,Vélez Sarsfield,Deportivo Riestra,0.5600111063159073,0.238749392472142,0.20123950121195056,0.5402678478191503,1.94,3.0,4.59,3.1,0.4832494577920027,0.31250131603882836,0.20424922616916888,0,0,D
2026-02-25 22:30:00,7.0,complete,Newell's Old Boys,Estudiantes,0.27915139188672294,0.24577504495183716,0.4750735631614398,0.5845716855480487,3.73,2.94,2.18,2.87,0.25127417002524816,0.31879341979393727,0.42993241018081446,0,2,A
2026-02-26 20:15:00,7.0,complete,Sarmiento,Unión Santa Fe,0.3016070672706291,0.2275303530490385,0.4708625796803325,0.6789948794216586,3.4,2.82,2.4,2.9,0.276064610866373,0.33284385707293196,0.3910915320606951,1,3,A
2026-02-26 20:15:00,7.0,complete,Racing Club,Independiente Rivadavia,0.3062332200497654,0.23551984342937302,0.45824693652086157,0.6451868262495628,1.82,3.25,5.24,2.25,0.5242936044184744,0.2936044184743457,0.18210197710718004,1,1,D
2026-02-26 22:30:00,7.0,complete,River Plate,Banfield,0.5066294772398283,0.22862495830849633,0.26474556445167524,0.6494468628270611,1.6,3.75,6.0,2.2,0.5905511811023622,0.25196850393700787,0.15748031496062992,3,1,H
2026-02-26 22:30:00,7.0,complete,Estudiantes Río Cuarto,Huracán,0.30592143772194785,0.287862108828969,0.406216453449083,0.4298310515334889,3.85,2.6,2.24,3.62,0.23812249570692617,0.3526044647967945,0.40927303949627936,2,0,H
2026-02-28 20:45:00,8.0,complete,Boca Juniors,Gimnasia Mendoza,0.40858348730710775,0.26929750341876213,0.32211900927413006,0.5054285062310577,1.46,3.85,7.4,2.51,0.6343092508070801,0.24054324835800958,0.12514750083491039,1,1,D
2026-02-28 23:00:00,8.0,complete,Independiente,Central Córdoba SdE,0.4933259589062498,0.2564937543584035,0.2501802867353467,0.5191351098997519,1.7,3.2,5.75,2.5,0.5473746839208686,0.2907928008329615,0.16183251524616984,2,0,H
2026-03-01 01:15:00,8.0,complete,Talleres Córdoba,San Lorenzo,0.4978431301345111,0.25317334217641363,0.24898352768907508,0.5315008757049078,2.35,2.77,3.56,3.24,0.3986465454163247,0.338201942862225,0.26315151172145035,0,0,D
2026-03-01 20:00:00,8.0,complete,Newell's Old Boys,Rosario Central,0.27030333290915454,0.23989734513188285,0.4897993219589627,0.6039663454645641,3.55,3.02,2.2,2.57,0.2639126117179742,0.3102284011916584,0.4258589870903674,0,2,A
2026-03-01 22:15:00,8.0,complete,Instituto,Unión Santa Fe,0.31306043601976574,0.22729951343892033,0.45964005054131396,0.6857649831471793,2.8,2.8,2.75,2.87,0.3313253012048193,0.3313253012048193,0.3373493975903614,1,2,A
2026-03-01 22:15:00,8.0,complete,Argentinos Juniors,Barracas Central,0.6332625889017898,0.19473135580156362,0.17200605529664678,0.68642865287563,1.43,4.05,8.25,2.2,0.6551277903591072,0.23131672597864772,0.11355548366224523,1,1,D
2026-03-02 00:30:00,8.0,complete,Tigre,Gimnasia La Plata,0.5132772660138145,0.24719734081459327,0.23952539317159216,0.5476146114746159,2.14,2.94,4.05,2.7,0.4432061818831517,0.3226058602822941,0.23418795783455423,2,2,D
2026-03-02 00:30:00,8.0,complete,Defensa y Justicia,Lanús,0.3394386001331227,0.28344320365500275,0.3771181962118746,0.4529739651530529,2.37,2.97,3.19,2.6,0.3935572309801233,0.3140507196710075,0.2923920493488691,1,1,D
2026-03-02 22:15:00,8.0,complete,Deportivo Riestra,Platense,0.3324346744654934,0.27665374561834927,0.3909115799161573,0.4782953843848249,2.78,2.36,3.4,3.9,0.33382147374026494,0.3932303800838714,0.27294814617586366,0,0,D
2026-03-02 22:15:00,8.0,complete,Estudiantes,Vélez Sarsfield,0.46716858896433894,0.24583629403609644,0.28699511699956465,0.5891361401096797,2.3,2.8,3.7,2.87,0.40932437771631774,0.3362307388384038,0.25444488344527855,0,1,A
2026-03-03 00:30:00,8.0,complete,Independiente Rivadavia,River Plate,0.43952238966557455,0.22496484540965936,0.33551276492476595,0.7052249680479021,3.1,2.86,2.45,2.5,0.29857678540991983,0.32363217998977334,0.3777910346003067,1,1,D
2026-03-03 00:30:00,8.0,complete,Banfield,Aldosivi,0.45765373063849435,0.25900624715749765,0.28334002220400795,0.5314375720923477,2.05,3.1,4.0,2.5,0.46002596920793914,0.30421072157299195,0.2357633092190688,2,0,H
2026-03-03 22:00:00,8.0,complete,Sarmiento,Estudiantes Río Cuarto,0.49269478145444545,0.24823750018471952,0.2590677183608352,0.5598766631823536,1.91,2.8,4.2,2.48,0.467966573816156,0.3192200557103064,0.2128133704735376,1,0,H
2026-03-03 22:15:00,8.0,complete,Huracán,Belgrano,0.266863879074137,0.2613143411464309,0.47182177977943207,0.5120726420484565,2.62,2.8,3.35,3.2,0.36794414152904714,0.3442905895736085,0.28776526889734433,3,1,H
2026-03-04 00:15:00,8.0,complete,Atlético Tucumán,Racing Club,0.39093545781679057,0.24778780413941212,0.3612767380437974,0.6055519719884159,3.18,2.91,2.57,2.5,0.30028789284122526,0.32814965609453484,0.37156245106423985,0,3,A
2026-03-05 00:00:00,7.0,complete,Lanús,Boca Juniors,0.40612144705426895,0.2630229195891439,0.3308556333565871,0.533593342379959,2.8,3.0,2.64,2.7,0.33400809716599195,0.3117408906882591,0.354251012145749,0,3,A
2026-03-10 22:45:00,10.0,complete,Independiente,Unión Santa Fe,0.382157926676792,0.23062392241129098,0.387218150911917,0.6866158233857311,2.15,3.1,3.7,2.44,0.43963204292832503,0.3049060942889996,0.2554618627826753,4,4,D
2026-03-10 22:45:00,10.0,complete,Tigre,Vélez Sarsfield,0.4663564658463658,0.24574427219394318,0.28789926195969107,0.5900644111886388,2.65,2.8,3.0,2.89,0.35338662179217506,0.3344551956247371,0.3121581825830879,1,1,D
2026-03-11 01:00:00,10.0,complete,Newell's Old Boys,Platense,0.3193027117621198,0.2704198389019737,0.4102774493359066,0.5001178286356494,3.1,2.8,2.6,3.1,0.30308076602830974,0.33555370524562866,0.3613655287260616,1,1,D
2026-03-11 01:00:00,10.0,complete,Sarmiento,Racing Club,0.4008218183187396,0.24844267727175237,0.35073550440950796,0.6012503853184711,3.5,3.1,2.08,2.6,0.2623484416958255,0.2961998535275449,0.44145170477662943,0,0,D
2026-03-11 20:30:00,10.0,complete,Banfield,Gimnasia La Plata,0.4444638575723371,0.2698223457465341,0.28571379668112884,0.4894444163967411,2.25,2.88,3.3,2.38,0.405997693194925,0.31718569780853517,0.2768166089965398,1,2,A
2026-03-11 20:30:00,10.0,complete,Argentinos Juniors,Rosario Central,0.5328732983557739,0.2076074576398493,0.25951924400437665,0.7397165016398304,2.1,2.88,4.35,2.45,0.45209483598570965,0.3296524845729133,0.2182526794413771,0,0,D
2026-03-11 22:45:00,10.0,complete,Boca Juniors,San Lorenzo,0.45935946584223547,0.26529258045588444,0.2753479537018799,0.5015957246624678,1.73,3.4,5.8,2.8,0.5533729936019757,0.2815691996857111,0.1650578067123134,1,1,D
2026-03-12 01:00:00,10.0,complete,Atlético Tucumán,Aldosivi,0.4910609323807965,0.24286833021806514,0.26607073740113835,0.5879883731384267,1.94,3.1,4.2,2.45,0.47899345154881906,0.2997571922595835,0.22124935619159733,1,1,D
2026-03-12 01:00:00,10.0,complete,Independiente Rivadavia,Barracas Central,0.5588945045459776,0.22771610183730498,0.21338939361671752,0.6016117330676662,1.47,3.55,7.4,2.31,0.6200653818465062,0.25675946797587723,0.12317515017761674,1,2,A
2026-03-12 20:00:00,10.0,complete,Deportivo Riestra,Gimnasia Mendoza,0.3645246658521814,0.27418461019619483,0.36129072395162387,0.49092497029318305,1.91,2.85,5.0,3.5,0.487287773351343,0.3265682972284439,0.18614392942021304,0,0,D
2026-03-12 20:00:00,10.0,complete,Defensa y Justicia,Central Córdoba SdE,0.4371301369522693,0.2859633266625881,0.2769065363851426,0.425512246698179,1.92,3.05,4.0,2.7,0.47404414050357474,0.29841467205470934,0.22754118744171586,1,1,D
2026-03-12 22:15:00,10.0,complete,Estudiantes Río Cuarto,Belgrano,0.2760294629133774,0.2524628197455475,0.4715077173410752,0.5541683295288864,3.2,2.99,2.4,2.8,0.29380936783491646,0.31444480838519484,0.39174582377988865,0,1,A
2026-03-12 22:15:00,10.0,complete,Talleres Córdoba,Instituto,0.48082956419774336,0.24036269354533796,0.27880774225691873,0.6078525973653297,2.3,2.87,3.5,2.8,0.40674603174603186,0.3259637188208617,0.2672902494331066,2,0,H
2026-03-13 00:30:00,10.0,complete,Huracán,River Plate,0.30469000672354607,0.24557745325639924,0.4497325400200548,0.5996146580845385,3.2,2.89,2.3,3.1,0.28583100408514295,0.31649107718770153,0.39767791872715547,1,2,A
2026-03-13 23:00:00,10.0,complete,Estudiantes,Lanús,0.5152912785312602,0.2410103428398694,0.2436983786288703,0.5772789387601225,2.03,3.0,4.2,2.7,0.462962962962963,0.31327160493827155,0.22376543209876543,0,1,A
2026-03-14 22:00:00,11.0,complete,Platense,Vélez Sarsfield,0.39395367337736986,0.26598493138491963,0.3400613952377104,0.5230127498369379,2.87,2.43,2.75,3.1,0.3101057584771522,0.3662565954030563,0.3236376461197916,0,2,A
2026-03-15 00:00:00,11.0,complete,Rosario Central,Banfield,0.49496318917044463,0.23800936264275996,0.2670274481867956,0.6097694333151342,1.55,3.9,5.5,2.07,0.5955024986118822,0.23667406996113272,0.167823431426985,2,1,H
2026-03-15 18:15:00,11.0,complete,Gimnasia La Plata,Independiente Rivadavia,0.2804357152930422,0.24550156435633394,0.4740627203506237,0.5865711732112259,2.94,2.91,2.71,2.45,0.3230829738333149,0.3264137261408749,0.35050330002581026,2,3,A
2026-03-15 20:30:00,11.0,complete,Belgrano,Talleres Córdoba,0.4338671123494991,0.25108312960851503,0.3150497580419858,0.5799138994174936,2.4,2.87,3.3,2.92,0.3900902014086247,0.32620783393055724,0.283701964660818,0,0,D
2026-03-15 22:45:00,11.0,complete,River Plate,Sarmiento,0.5347929656680384,0.2221727210119436,0.24303431332001796,0.6588147882833357,1.48,4.2,7.9,2.38,0.6494675853429377,0.22886000626370182,0.12167240839336045,2,0,H
2026-03-16 01:00:00,11.0,complete,Tigre,Argentinos Juniors,0.3771261106885882,0.22370288934225493,0.3991709999691568,0.7190709436742697,2.8,2.88,2.76,3.04,0.3348160129397493,0.32551556813586735,0.3396684189243834,1,1,D
2026-03-16 01:00:00,11.0,complete,Unión Santa Fe,Boca Juniors,0.5338372368793973,0.22656909016182558,0.23959367295877707,0.6358580116240764,2.95,2.75,2.8,2.7,0.3198670682313844,0.34313012773912144,0.3370028040294943,1,1,D
2026-03-16 18:30:00,11.0,complete,Barracas Central,Atlético Tucumán,0.393650754672999,0.25689630437941563,0.34945294094758544,0.5634445130941371,2.78,2.79,2.73,2.87,0.3317045766321318,0.3305156713395435,0.33777975202832466,2,1,H
2026-03-16 18:30:00,11.0,complete,Aldosivi,Huracán,0.3425610805398453,0.27179217526807936,0.3856467441920755,0.4993705901973394,3.1,2.7,2.65,3.6,0.30139005897219884,0.3460404380791912,0.35256950294861,0,0,D
2026-03-16 21:30:00,11.0,complete,San Lorenzo,Defensa y Justicia,0.37414196030719393,0.28713643743426837,0.3387216022585376,0.4389722518527325,2.1,2.5,3.85,2.85,0.41920731707317066,0.3521341463414634,0.2286585365853658,2,5,A
2026-03-16 23:00:00,11.0,complete,Racing Club,Estudiantes Río Cuarto,0.5329067007449677,0.23661221737611673,0.23048108187891556,0.5829540966186402,1.42,4.0,8.0,2.29,0.6525285481239805,0.23164763458401305,0.11582381729200653,2,0,H
2026-03-17 01:15:00,11.0,complete,Instituto,Independiente,0.3541769394442182,0.24464403160981885,0.4011790289459628,0.6190171396522971,2.58,2.97,2.95,2.65,0.3645293757879101,0.3166618819975785,0.3188087422145113,2,1,H
2026-03-17 22:00:00,11.0,complete,Lanús,Newell's Old Boys,0.4867103293674626,0.2621373156886449,0.25115235494389254,0.49769852565473904,1.68,3.59,5.0,2.4,0.5543339962694402,0.2594097809840278,0.18625622274653195,5,0,H
2026-03-18 00:15:00,11.0,complete,Central Córdoba SdE,Deportivo Riestra,0.38481270806835166,0.2780493072119906,0.33713798471965795,0.47356064605040926,3.0,2.5,2.89,3.62,0.3088266723658901,0.3705920068390682,0.32058132079504165,1,0,H
2026-03-18 00:15:00,11.0,complete,Gimnasia Mendoza,Estudiantes,0.30596514508369815,0.25484897774995635,0.4391858771663454,0.5600038127206102,3.85,2.6,2.05,2.83,0.22941999354352735,0.3397180673625309,0.4308619390939417,1,2,A
2026-03-21 00:00:00,12.0,complete,Atlético Tucumán,Gimnasia La Plata,0.44914216161596215,0.25594407183409357,0.29491376654994417,0.550264203336541,2.15,3.1,3.7,2.4,0.43963204292832503,0.3049060942889996,0.2554618627826753,1,0,H
2026-03-21 00:00:00,12.0,complete,Banfield,Tigre,0.33964343685443393,0.2517474152809032,0.4086091478646627,0.5843763194443443,3.04,2.87,2.48,2.75,0.30441030553939846,0.32244157799295164,0.3731481164676498,1,0,H
2026-03-21 18:30:00,12.0,complete,Vélez Sarsfield,Lanús,0.45107614987693995,0.26275137885539,0.28617247126767015,0.5177328498024306,2.25,2.9,3.5,2.6,0.4134419551934827,0.3207739307535642,0.26578411405295316,0,1,A
2026-03-21 20:45:00,12.0,complete,Defensa y Justicia,Unión Santa Fe,0.3107386250173972,0.24839545971386945,0.4408659152687334,0.5899303584181135,3.0,3.0,2.6,2.5,0.3170731707317074,0.3170731707317074,0.3658536585365854,2,0,H
2026-03-21 20:45:00,12.0,complete,Newell's Old Boys,Gimnasia Mendoza,0.33809565600266767,0.27626030429067955,0.3856440397066528,0.48076330432120995,2.6,2.75,3.2,2.89,0.36258755665430564,0.34281005356407085,0.2946023897816234,1,0,H
2026-03-21 23:00:00,12.0,complete,Independiente,Talleres Córdoba,0.4515556454074473,0.2426457040292523,0.3057986505633005,0.6130882898980023,1.91,3.15,4.1,2.6,0.48257823446987386,0.29261092947220924,0.22481083605791685,1,2,A
2026-03-22 01:15:00,12.0,complete,Belgrano,Racing Club,0.4011611532983348,0.2532246203748668,0.3456142263267985,0.5790160390847403,2.75,3.0,2.75,2.45,0.34285714285714286,0.3142857142857143,0.34285714285714286,1,2,A
2026-03-22 18:30:00,12.0,complete,Sarmiento,Aldosivi,0.46120535565566245,0.2611947717337415,0.277599872610596,0.5192448239886287,2.15,2.85,3.75,2.94,0.4296050648176063,0.32408803135363284,0.24630690382876097,2,0,H
2026-03-22 20:45:00,12.0,complete,Estudiantes Río Cuarto,River Plate,0.1928452299986628,0.20899462149868464,0.5981601485026524,0.6559186749894415,7.0,3.5,1.63,2.61,0.13708999158957105,0.2741799831791421,0.5887300252312868,0,2,A
2026-03-22 23:00:00,12.0,complete,Boca Juniors,Instituto,0.4234011205826268,0.25257208575779266,0.32402679365958065,0.5765567938687943,1.68,3.2,5.4,2.4,0.5446293494704992,0.28593040847201207,0.16944024205748864,2,0,H
2026-03-23 01:15:00,12.0,complete,Independiente Rivadavia,Rosario Central,0.4573760171028231,0.22801831707554537,0.3146056658216316,0.683185133503691,2.76,3.0,2.75,2.77,0.3420398009950249,0.3146766169154228,0.34328358208955223,2,0,H
2026-03-23 01:15:00,12.0,complete,Argentinos Juniors,Platense,0.5481486096530662,0.21795626831891654,0.2338951220280172,0.6682312615958697,1.91,3.1,4.8,2.76,0.4965130634989489,0.30591611331709434,0.19757082318395677,1,0,H
2026-03-23 22:00:00,12.0,complete,Estudiantes,Central Córdoba SdE,0.5552262131166907,0.23978856209453972,0.2049852247887696,0.5407469442156607,1.5,3.76,8.13,2.5,0.6315371933608518,0.2519430292662973,0.11651977737285088,5,0,H
2026-03-24 00:15:00,12.0,complete,Huracán,Barracas Central,0.4078281880850848,0.2717256518095213,0.32044616010539384,0.4951927999385576,1.83,3.1,5.3,2.8,0.5166341739513238,0.3049808188164267,0.1783850072322496,0,0,D
2026-03-25 22:00:00,12.0,complete,Deportivo Riestra,San Lorenzo,0.3901315534921556,0.2706330806504578,0.3392353658573868,0.503626131449354,2.37,2.6,3.9,3.6,0.3969465648854962,0.3618320610687023,0.24122137404580157,1,1,D
2026-03-27 00:00:00,6.0,complete,Argentinos Juniors,Lanús,0.5465634800106627,0.21826108945167455,0.235175430537663,0.6682359301782749,1.77,3.15,4.64,2.45,0.5145699770809349,0.2891393204550015,0.19629070246406355,2,1,H
2026-03-31 17:00:00,7.0,complete,Aldosivi,Argentinos Juniors,0.21614563116977092,0.21480496710875185,0.5690494017214772,0.661766383725621,4.33,3.1,1.93,2.87,0.21550342363369818,0.3010096207528752,0.4834869556134266,0,2,A
2026-04-01 23:00:00,13.0,complete,Lanús,Platense,0.4339667108842278,0.26268442405849635,0.3033488650572759,0.526063789010741,1.95,2.77,3.85,2.9,0.45239357753409554,0.3184720130655185,0.22913440940038599,0,0,D
2026-04-02 18:00:00,13.0,complete,Barracas Central,Sarmiento,0.39567905150540317,0.2726952626020287,0.33162568589256824,0.4939090149268135,2.6,2.75,3.1,3.05,0.3591742152938698,0.3395828944596587,0.30124289024647144,1,2,A
2026-04-02 20:30:00,13.0,complete,Tigre,Independiente Rivadavia,0.3898069147462324,0.2371240294300463,0.3730690558237213,0.6557043455543675,2.22,3.0,3.6,2.8,0.4243281471004243,0.314002828854314,0.2616690240452617,0,2,A
2026-04-02 23:30:00,13.0,complete,Talleres Córdoba,Boca Juniors,0.41663463968820663,0.2540948445289868,0.3292705157828064,0.5714757498025969,2.5,2.82,3.2,2.71,0.3748442302899394,0.33230871479604557,0.29284705491401514,0,1,A
2026-04-03 18:00:00,13.0,complete,Gimnasia Mendoza,Vélez Sarsfield,0.31407973001785305,0.2666135204875852,0.41930674949456187,0.5139484537677013,3.81,2.6,2.25,3.0,0.2404587212528516,0.35236451075898634,0.407176767988162,3,2,H
2026-04-03 20:15:00,13.0,complete,Unión Santa Fe,Deportivo Riestra,0.5935496248172493,0.2105645599591988,0.19588581522355217,0.6533900944386154,1.91,3.08,4.5,2.8,0.4890993655117899,0.30330512601542814,0.20759550847278194,2,0,H
2026-04-03 22:30:00,13.0,complete,San Lorenzo,Estudiantes,0.27540037517721994,0.2478487461827173,0.4767508786400628,0.5732443155157835,2.89,2.73,2.69,3.1,0.3191872215581875,0.33789416494621316,0.34291861349559927,1,0,H
2026-04-04 16:30:00,13.0,complete,Aldosivi,Estudiantes Río Cuarto,0.4411327459735243,0.2693920064486801,0.28947524757779547,0.49294782921878666,2.2,2.75,3.9,3.45,0.42299349240780915,0.33839479392624733,0.23861171366594364,0,0,D
2026-04-04 20:30:00,13.0,complete,Independiente,Racing Club,0.42809175370613484,0.24260161640243577,0.32930662989142945,0.6225148176068978,2.37,2.8,3.05,2.48,0.3811734249815884,0.32263607757370166,0.29619049744470977,1,0,H
2026-04-05 00:00:00,13.0,complete,Rosario Central,Atlético Tucumán,0.5012958232807396,0.22732145036553542,0.27138272635372485,0.6604451132544167,1.52,3.3,5.8,2.53,0.5804925391241054,0.2673783816571637,0.15212907921873106,2,1,H
2026-04-05 18:30:00,13.0,complete,Gimnasia La Plata,Huracán,0.36566209067064176,0.2744973913529125,0.3598405179764457,0.48962696863116606,3.2,2.8,2.5,2.85,0.2921535893155259,0.333889816360601,0.3739565943238731,0,3,A
2026-04-05 21:00:00,13.0,complete,River Plate,Belgrano,0.5453213528803474,0.21910247197798352,0.235576175141669,0.6648962504029857,1.61,3.75,5.5,2.19,0.5806996550995988,0.24931371858942772,0.16998662631097347,3,0,H
2026-04-05 23:30:00,13.0,complete,Central Córdoba SdE,Newell's Old Boys,0.38410391171722613,0.2845416164238363,0.3313544718589376,0.4477331127258565,2.15,2.87,3.7,2.7,0.42914587079957167,0.32148558265473137,0.249368546545697,1,3,A
2026-04-06 22:00:00,13.0,complete,Argentinos Juniors,Banfield,0.5770706029547955,0.21258346468067071,0.2103459323645338,0.6643133333620588,1.57,3.77,6.0,2.23,0.5959076790950212,0.24816314487511493,0.15592917602986386,3,2,H
2026-04-07 00:15:00,13.0,complete,Instituto,Defensa y Justicia,0.4184633134142992,0.26304333049867057,0.31849335608703,0.5300959591895318,2.14,2.97,3.78,2.5,0.4373159444678166,0.3151030710980227,0.24758098443416077,2,0,H
2026-04-11 00:00:00,14.0,complete,Belgrano,Aldosivi,0.5127470662720534,0.2486131420687699,0.23863979165917673,0.5410040209000929,1.5,3.65,8.1,2.38,0.6265098537825811,0.2574698029243484,0.11602034329307058,1,0,H
2026-04-11 18:00:00,14.0,complete,Deportivo Riestra,Instituto,0.3390505516377408,0.2582924399327826,0.40265700842947644,0.5555892815591132,2.85,2.65,2.93,2.99,0.32806591317207145,0.3528256047322278,0.31910848209570086,0,1,A
2026-04-11 18:30:00,14.0,complete,Independiente Rivadavia,Argentinos Juniors,0.40505274893669824,0.22713863057964745,0.36780862048365437,0.702098458969152,3.02,2.75,2.15,2.6,0.2854832090002656,0.31351246952029166,0.4010043214794428,3,1,H
2026-04-11 20:15:00,14.0,complete,Estudiantes,Unión Santa Fe,0.4082234934356043,0.22545963493751658,0.3663168716268791,0.7097841362358064,2.5,2.71,3.26,2.7,0.37183285913904274,0.3430192427481944,0.28514789811276287,2,1,H
2026-04-11 22:30:00,14.0,complete,Boca Juniors,Independiente,0.3994071132942248,0.24971000557070483,0.3508828811350704,0.5955680693007075,2.5,2.87,3.15,2.6,0.37527241028621244,0.3268923434548889,0.29783524625889873,1,1,D
2026-04-12 00:45:00,14.0,complete,Estudiantes Río Cuarto,Barracas Central,0.331542885729516,0.2765892613095258,0.3918678529609584,0.4783886340774407,2.4,2.77,3.71,3.18,0.39787910347791405,0.34473279723718186,0.25738809928490397,1,2,A
2026-04-12 18:00:00,14.0,complete,Platense,Gimnasia Mendoza,0.4106588215467823,0.2696789951277228,0.319662183325495,0.5032068129850168,1.97,2.83,3.95,3.1,0.45561257137733285,0.31715786770789606,0.22722956091477103,1,1,D
2026-04-12 18:00:00,14.0,complete,Newell's Old Boys,San Lorenzo,0.3913298512815671,0.2729983248248546,0.33567182389357825,0.4934323700032479,2.62,2.81,2.9,2.87,0.3526301213369567,0.3287868035241376,0.31858307513890577,0,0,D
2026-04-12 20:30:00,14.0,complete,Huracán,Rosario Central,0.3312207278395654,0.24606874619364427,0.4227105259667902,0.6075160823473574,2.3,2.87,3.6,2.95,0.4097886011184707,0.3284020148336176,0.2618093840479118,3,1,H
2026-04-12 20:30:00,14.0,complete,Atlético Tucumán,Tigre,0.36960932820601006,0.2370558839006291,0.39333478789336085,0.6558036869823562,2.55,2.9,3.05,2.57,0.36827313417299884,0.32382637660039554,0.3079004892266056,0,0,D
2026-04-12 23:00:00,14.0,complete,Racing Club,River Plate,0.3217994333490853,0.23120883438556653,0.44699173226534816,0.6716393054665359,2.7,2.8,2.7,2.35,0.3373493975903615,0.32530120481927716,0.3373493975903615,0,2,A
2026-04-13 19:30:00,14.0,complete,Sarmiento,Gimnasia La Plata,0.4316969673848283,0.26408687060058034,0.3042161620145913,0.5206640712685395,2.32,2.9,3.05,2.87,0.3905249679897567,0.3124199743918054,0.2970550576184379,1,2,A
2026-04-13 19:30:00,14.0,complete,Defensa y Justicia,Talleres Córdoba,0.37094237512320777,0.26700113869202796,0.3620564861847644,0.52088114338589,3.17,2.7,2.82,2.85,0.30319682706551343,0.35597553399913984,0.3408276389353467,1,2,A
2026-04-13 22:00:00,14.0,complete,Lanús,Banfield,0.4399111442212685,0.26087690868177454,0.29921194709695703,0.5317339743707208,1.85,3.4,4.8,2.45,0.5182597650047635,0.28199428389965076,0.19974595109558596,1,0,H
2026-04-14 00:30:00,14.0,complete,Vélez Sarsfield,Central Córdoba SdE,0.5292637630381919,0.2588726401674187,0.21186359679438943,0.47462503911905474,1.4,4.5,10.0,2.15,0.6891271056661562,0.2143950995405819,0.09647779479326186,1,0,H
2026-04-17 23:30:00,15.0,complete,Unión Santa Fe,Newell's Old Boys,0.5955369942518093,0.20823185155730345,0.19623115419088724,0.6643307651585219,1.7,3.5,5.25,2.25,0.5526315789473685,0.26842105263157895,0.17894736842105263,2,3,A
2026-04-18 18:00:00,15.0,complete,Gimnasia La Plata,Estudiantes Río Cuarto,0.5134425440105388,0.24895695174027524,0.23760050424918613,0.5386438934115033,1.89,2.8,5.13,2.5,0.48937540244687705,0.330328396651642,0.18029620090148102,1,0,H
2026-04-18 20:15:00,15.0,complete,Instituto,Estudiantes,0.358482249330267,0.24202127389710734,0.39949647677262556,0.6316384923551224,2.56,3.0,2.9,2.6,0.3654847924718535,0.3118803562426483,0.3226348512854983,0,1,A
2026-04-18 22:30:00,15.0,complete,Independiente,Defensa y Justicia,0.46696902864433376,0.25032403998068975,0.2827069313749766,0.5673244149660988,1.77,3.25,5.58,2.6,0.5371089411534736,0.29251779256666105,0.1703732662798653,3,1,H
2026-04-19 00:45:00,15.0,complete,Argentinos Juniors,Atlético Tucumán,0.5620950637160398,0.21111815179732518,0.22678678448663506,0.691047717839723,1.66,3.4,5.5,2.31,0.558642528529605,0.2727489992232778,0.16860847224711717,1,0,H
2026-04-19 16:30:00,15.0,complete,Aldosivi,Racing Club,0.30081494140205295,0.2564921888029242,0.4426928697950229,0.550762724543798,4.8,3.1,1.92,2.76,0.19808306709265178,0.30670926517571884,0.49520766773162944,1,1,D
2026-04-19 20:00:00,15.0,complete,River Plate,Boca Juniors,0.5434188246808198,0.2191335219979604,0.2374476533212199,0.6667235763421064,2.3,2.95,3.43,2.5,0.4081274579005748,0.3182010688716346,0.2736714732277906,0,1,A
2026-04-19 23:30:00,15.0,complete,Rosario Central,Sarmiento,0.5107915050728495,0.23709462550027996,0.25211386942687053,0.6015959090082081,1.53,3.82,6.5,2.23,0.6112812533850653,0.24483254389506545,0.14388620271986924,2,1,H
2026-04-19 23:30:00,15.0,complete,Talleres Córdoba,Deportivo Riestra,0.5095138057280733,0.24310644918860563,0.24737974508332086,0.5717415680712314,1.9,3.0,4.83,2.85,0.49341097149862084,0.31249361528245984,0.19409541321891915,2,0,H
2026-04-20 18:00:00,15.0,complete,Barracas Central,Belgrano,0.36992148592788665,0.26859858144046517,0.361479932631648,0.5141150011044028,3.75,2.99,2.28,3.0,0.25648145012923396,0.32167405952663125,0.42184449034413485,0,0,D
2026-04-20 20:15:00,15.0,complete,Banfield,Independiente Rivadavia,0.29141651019946,0.2425841910941094,0.4659992987064304,0.6058855157639009,2.8,2.85,2.65,2.38,0.32904912318919505,0.32327633155429686,0.347674545256508,0,0,D
2026-04-20 20:15:00,15.0,complete,Central Córdoba SdE,Platense,0.3274794467839859,0.28705673436469953,0.3854638188513146,0.43773473031581633,3.5,2.75,2.58,3.05,0.27553398058252426,0.35067961165048545,0.37378640776699024,4,3,H
2026-04-20 22:30:00,15.0,complete,San Lorenzo,Vélez Sarsfield,0.3194195921498887,0.26845712872192695,0.4121232791281844,0.5080896853556975,3.0,2.8,2.55,2.76,0.30789133247089256,0.32988357050452777,0.36222509702457956,0,0,D
2026-04-21 00:45:00,15.0,complete,Gimnasia Mendoza,Lanús,0.3517780584819196,0.26466474869368944,0.38355719282439105,0.5301556818457904,3.2,2.75,2.55,2.88,0.2925226822400667,0.34039003024298675,0.3670872875169465,1,0,H
2026-04-21 00:45:00,15.0,complete,Tigre,Huracán,0.46467730571563454,0.2407341688400116,0.2945885254443537,0.615821445856938,2.45,2.7,3.45,3.4,0.38203629652414645,0.34666256536450324,0.2713011381113504,1,1,D
2026-04-23 23:00:00,16.0,complete,Defensa y Justicia,Boca Juniors,0.36053182350308277,0.26498877679381005,0.37447939970310723,0.52939936094532,3.05,2.77,2.45,2.56,0.2988660134316856,0.32907629637784874,0.3720576901904657,0,4,A
2026-04-24 20:00:00,16.0,complete,Deportivo Riestra,Independiente,0.30031106500426524,0.24784415376146082,0.4518447812342738,0.5875965903435757,3.63,2.9,2.28,3.16,0.26015722750773157,0.3256450813286433,0.41419769116362526,2,0,H
2026-04-24 22:15:00,16.0,complete,Estudiantes Río Cuarto,Rosario Central,0.24096492347823242,0.23237692417120967,0.526658152350558,0.6117600155537394,3.65,2.95,2.1,2.45,0.25154806618617404,0.3112374378235713,0.43721449599025486,1,2,A
2026-04-24 22:15:00,16.0,complete,Lanús,Central Córdoba SdE,0.5034082911426887,0.26366532339281734,0.2329263854644938,0.47700904497079943,1.4,3.9,6.79,2.3,0.638912345887519,0.22935314980577606,0.13173450430670494,0,0,D
2026-04-25 00:30:00,16.0,complete,Racing Club,Barracas Central,0.4737499563356411,0.2518720933114612,0.27437795035289775,0.5555768437882431,1.47,4.0,7.4,2.25,0.6385089952111825,0.23465205574010958,0.12683894904870785,1,1,D
2026-04-25 00:30:00,16.0,complete,Platense,San Lorenzo,0.42611378886136286,0.27015546756676195,0.30373074357187524,0.49602067130050465,2.44,2.78,3.67,3.05,0.39330624580773,0.3452040430830436,0.2614897111092265,0,1,A
2026-04-25 20:00:00,16.0,complete,Estudiantes,Talleres Córdoba,0.46541130922780555,0.24085661724917137,0.29373207352302294,0.614803860246582,2.05,3.0,4.0,2.68,0.45540796963946867,0.31119544592030357,0.23339658444022768,0,0,D
2026-04-25 22:15:00,16.0,complete,Sarmiento,Tigre,0.3354627160200683,0.2542722491957878,0.410265034784144,0.5722993349957881,3.5,2.8,2.4,2.85,0.2696629213483146,0.33707865168539325,0.39325842696629215,1,0,H
2026-04-26 00:30:00,16.0,complete,River Plate,Aldosivi,0.6510915639392164,0.19290413299608156,0.15600430306470198,0.664722464085644,1.18,4.95,13.0,2.35,0.7523587938875963,0.1793501771287603,0.06829102898364335,3,1,H
2026-04-26 18:00:00,16.0,complete,Independiente Rivadavia,Gimnasia Mendoza,0.5494115092821777,0.22633503696618704,0.2242534537516352,0.6204462372933632,1.64,3.1,5.36,2.38,0.5449584131398735,0.28830057985464275,0.16674100700548367,5,1,H
2026-04-26 20:30:00,16.0,complete,Belgrano,Gimnasia La Plata,0.4249235534635253,0.25867750778490767,0.3163989387515671,0.5477544665014016,2.02,3.15,4.5,2.38,0.47843256379100857,0.30680437424058327,0.21476306196840828,0,1,A
2026-04-26 20:30:00,16.0,complete,Newell's Old Boys,Instituto,0.3502518888392167,0.25794089464519554,0.3918072165155879,0.5589811319165223,3.05,2.95,2.4,2.61,0.3025964312426542,0.3128539373864729,0.384549631370873,1,1,D
2026-04-26 23:00:00,16.0,complete,Atlético Tucumán,Banfield,0.4172121697180273,0.25362022638967047,0.3291676038923022,0.5735180317818646,1.94,2.84,3.75,2.5,0.4544562313843633,0.31043841157945945,0.23510535703617724,1,1,D
2026-04-27 21:45:00,16.0,complete,Vélez Sarsfield,Unión Santa Fe,0.3525979180772473,0.23419464263379136,0.4132074392889614,0.6668751354377049,2.2,2.92,3.4,2.5,0.41658274588788186,0.3138637126552534,0.2695535414568648,2,2,D
2026-04-28 00:00:00,16.0,complete,Huracán,Argentinos Juniors,0.3159845757509349,0.23859511138779957,0.4454203128612655,0.6357219980471143,2.86,2.79,2.7,3.38,0.3242175395103812,0.33235202974899286,0.3434304307406259,1,2,A
2026-05-02 17:00:00,9.0,complete,Barracas Central,Banfield,0.41902332497334477,0.2642870016065189,0.31668967342013643,0.5243578657480339,2.6,2.9,3.0,2.87,0.36189683860232946,0.32445923460898507,0.3136439267886855,1,2,A
2026-05-02 17:30:00,9.0,complete,Lanús,Deportivo Riestra,0.4896000515506934,0.24948316565506812,0.2609167827942386,0.5560890821651268,2.02,3.0,4.1,3.07,0.46167705127242703,0.31086254785676753,0.22746040087080555,0,0,D
2026-05-02 19:15:00,9.0,complete,Central Córdoba SdE,Boca Juniors,0.2855594407206029,0.2708079017167217,0.44363265756267534,0.4855413037465034,5.5,3.2,1.75,2.44,0.1706016755521706,0.2932216298552932,0.5361766945925361,1,2,A
2026-05-02 21:45:00,9.0,complete,San Lorenzo,Independiente,0.34150340983798033,0.2611609187821933,0.3973356713798264,0.5437025203750099,3.1,2.65,2.65,2.9,0.2994350282485876,0.35028248587570626,0.35028248587570626,1,2,A
2026-05-02 21:45:00,9.0,complete,Unión Santa Fe,Talleres Córdoba,0.5185462691225684,0.22099863009590526,0.26045510078152645,0.6800908048772626,2.23,3.12,3.6,2.5,0.42841450018308314,0.30620651775906255,0.26537898205785426,1,1,D
2026-05-03 00:15:00,9.0,complete,Platense,Estudiantes,0.33488987507023643,0.24622279515991277,0.41888732976985077,0.6078533211074639,3.3,2.7,2.5,2.99,0.2823086574654956,0.3450439146800502,0.37264742785445426,0,2,A
2026-05-03 16:30:00,9.0,complete,Aldosivi,Independiente Rivadavia,0.21564358651425164,0.22657164309787442,0.5577847703878739,0.6093040512652728,2.9,2.98,2.66,2.78,0.3264368194771608,0.31767341492743834,0.3558897655954008,1,1,D
2026-05-03 19:00:00,9.0,complete,Belgrano,Sarmiento,0.43410496833827833,0.26437161286843797,0.3015234187932838,0.5183963651081809,1.8,3.1,5.0,2.62,0.5152925531914895,0.2992021276595745,0.1855053191489362,4,0,H
2026-05-03 19:00:00,9.0,complete,Gimnasia La Plata,Argentinos Juniors,0.3215257854949959,0.24337084344153267,0.4351033710634717,0.6164159869446145,3.3,3.1,2.3,2.4,0.28577154308617236,0.30420841683366734,0.41002004008016035,2,0,H
2026-05-03 19:00:00,9.0,complete,Rosario Central,Tigre,0.4774016796886518,0.23026537655375684,0.2923329437575912,0.6613465356530868,2.5,2.8,3.2,2.87,0.3739565943238731,0.333889816360601,0.2921535893155259,1,1,D
2026-05-03 19:00:00,9.0,complete,Racing Club,Huracán,0.43835319935624284,0.25270617315010874,0.30894062749364853,0.5704456971205258,2.2,2.9,3.89,3.0,0.4302604981120561,0.32640451580914603,0.24333498607879778,0,0,D
2026-05-03 21:30:00,9.0,complete,River Plate,Atlético Tucumán,0.5989257051265694,0.2005839233937779,0.20049037147965285,0.7050001226464938,1.58,3.8,5.75,1.93,0.5915157421695226,0.245946019112591,0.16253823871788622,0,1,A
2026-05-04 20:00:00,9.0,complete,Gimnasia Mendoza,Defensa y Justicia,0.4076139624343742,0.26930563448792755,0.3230804030776983,0.50565076450158,2.35,3.0,3.35,2.79,0.4024426869556513,0.3152467714485935,0.28231054159575536,2,1,H
2026-05-04 22:15:00,9.0,complete,Vélez Sarsfield,Newell's Old Boys,0.4955655475488874,0.2483980497314536,0.256036402719659,0.5568249914312491,1.83,3.45,4.4,2.17,0.5137838249479616,0.2725288114941362,0.21368736355790222,1,1,D
2026-05-05 00:30:00,9.0,complete,Estudiantes Río Cuarto,Instituto,0.305945335651446,0.254683348086924,0.43937131626162995,0.5607019047956285,3.6,3.0,2.25,2.88,0.2631578947368421,0.3157894736842105,0.42105263157894735,0,2,A
2026-05-09 19:30:00,,complete,Talleres Córdoba,Belgrano,0.4217701846716999,0.2600629835748881,0.31816683175341176,0.5424901399815648,2.4,2.8,3.2,3.0,0.3835616438356165,0.32876712328767127,0.28767123287671237,0,1,A
2026-05-09 22:00:00,,complete,Boca Juniors,Huracán,0.46989561246026446,0.2515074959970685,0.2785968915426671,0.559799886012289,1.89,2.97,4.54,2.9,0.48717198322114924,0.3100185347770949,0.20280948200175594,2,3,A
2026-05-10 00:30:00,,complete,Independiente Rivadavia,Unión Santa Fe,0.43623907560384884,0.21917969865049766,0.34458122574565353,0.7345919732201318,2.2,3.1,3.4,2.3,0.4243156199677939,0.30112721417069244,0.2745571658615137,1,2,A
2026-05-10 01:15:00,,complete,Argentinos Juniors,Lanús,0.5199729340568531,0.22756451079843754,0.25246255514470933,0.643716222524526,2.02,3.0,4.23,2.87,0.4649271284429888,0.3130509331516124,0.22202193840539888,2,0,H
2026-05-10 18:00:00,,complete,Rosario Central,Independiente,0.4711158386847273,0.232799185065638,0.29608497624963476,0.6521038943157507,2.05,3.0,4.35,2.45,0.46412376633769004,0.3171512403307548,0.2187249933315551,3,1,H
2026-05-10 20:00:00,,complete,Estudiantes,Racing Club,0.5025130996217726,0.23328183142239267,0.2642050689558348,0.6283446770232098,2.29,2.93,3.15,2.5,0.39863601221455813,0.3115619344612075,0.2898020533242343,0,1,A
2026-05-10 22:00:00,,complete,River Plate,San Lorenzo,0.5866645705832949,0.21162597297110525,0.20170945644559984,0.656948610150769,1.6,3.33,5.75,2.5,0.56858843966682,0.2731956466867604,0.1582159136464195,2,2,D
2026-05-11 00:30:00,,complete,Vélez Sarsfield,Gimnasia La Plata,0.44554959708713904,0.25441266740473256,0.3000377355081284,0.5592071414419646,2.1,3.1,3.9,2.59,0.4512877939529675,0.3057110862262038,0.2430011198208287,0,1,A
2026-05-12 22:00:00,,complete,Belgrano,Unión Santa Fe,0.3219152219308045,0.2343009677133906,0.4437838103558047,0.6575685683926003,2.28,3.0,2.82,2.6,0.38933068257123926,0.2958913187541418,0.314777998674619,2,0,H
2026-05-13 00:30:00,,complete,Argentinos Juniors,Huracán,0.547702185040976,0.22502708832272164,0.22727072663630238,0.6295766167550125,1.84,2.9,4.19,2.63,0.482247604835573,0.30597779065429465,0.2117746045101323,1,0,H
2026-05-13 21:45:00,,complete,Rosario Central,Racing Club,0.5066038480557122,0.2314777853238653,0.2619183666204226,0.6344797392551393,2.3,2.9,3.5,2.75,0.40812223562525135,0.3236831523924407,0.268194611982308,2,1,H
2026-05-14 00:45:00,,complete,River Plate,Gimnasia La Plata,0.5845899683320813,0.20833399619397636,0.20707603547394243,0.679060573203516,1.53,4.0,6.45,2.27,0.6173947377867117,0.23615348720341722,0.14645177500987114,2,0,H
2026-05-16 22:30:00,,complete,River Plate,Rosario Central,0.4987589856882845,0.21125888115074248,0.28998213316097293,0.7460177513848396,2.07,2.9,4.0,2.73,0.44817061391647023,0.3199010933817563,0.23192829270177334,1,0,H
2026-05-17 20:00:00,,complete,Argentinos Juniors,Belgrano,0.5198260407314775,0.226977812324511,0.25319614694401166,0.6469817743021171,2.05,2.9,4.33,3.1,0.4586445568603101,0.3242142557115985,0.21714118742809135,1,1,D
2026-05-24 18:30:00,,complete,River Plate,Belgrano,0.570393850469067,0.20978582686463226,0.21982032266630083,0.6888196746024273,2.23,2.9,3.9,2.85,0.4272116038377276,0.32851099191659744,0.24427740424567504,2,3,A
2026-07-23 22:30:00,1.0,incomplete,Sarmiento,Argentinos Juniors,0.2723474189567437,0.23803455587520914,0.48961802516804726,0.6135864888667771,4.28,2.96,2.08,2.85,0.22204270051933062,0.3210617426428159,0.4568955568378534,0,0,D
2026-07-23 22:30:00,1.0,incomplete,Belgrano,Rosario Central,0.36583485951914996,0.24546636202681646,0.38869877845403367,0.6165438333642803,2.82,2.85,2.87,3.1,0.33646785877358604,0.33292609183912725,0.3306060493872866,0,0,D
2026-07-24 00:45:00,1.0,incomplete,Defensa y Justicia,Aldosivi,0.46773215790768824,0.2617550419365877,0.27051280015572404,0.5126736967528353,1.88,3.22,4.74,2.45,0.5049292699387314,0.2948034246847252,0.20026730537654328,0,0,D
2026-07-24 19:45:00,1.0,incomplete,Gimnasia Mendoza,Central Córdoba SdE,0.46066682898218625,0.2726598047586787,0.2666733662591348,0.46816831165966,2.21,3.12,3.58,0.0,0.4299869882894605,0.30457411670503454,0.26543889500550494,0,0,D
2026-07-24 22:00:00,1.0,incomplete,Vélez Sarsfield,Instituto,0.4451462630937376,0.24184433292266144,0.313009403983601,0.6198859662346092,2.07,3.08,4.1,0.0,0.45935701658021283,0.308723709195143,0.23191927422464406,0,0,D
2026-07-24 22:00:00,1.0,incomplete,Racing Club,Gimnasia La Plata,0.41756265765154454,0.25993512960286386,0.32250221274559177,0.5443960716726939,1.83,3.31,4.89,0.0,0.5189135640983717,0.28689178921450764,0.19419464668712072,0,0,D
2026-07-25 00:15:00,1.0,incomplete,Huracán,Banfield,0.4123228131321768,0.2603464268178383,0.32733076004998496,0.5440268353924712,2.1,2.95,4.22,0.0,0.45259216171017225,0.3221842507089362,0.22522358758089142,0,0,D
2026-07-25 00:15:00,1.0,incomplete,Platense,Unión Santa Fe,0.3122651146454271,0.22819200450005514,0.4595428808545178,0.6813229324180146,2.84,2.93,2.78,0.0,0.3343513205099788,0.3240811434294674,0.3415675360605539,0,0,D
2026-07-25 17:45:00,1.0,incomplete,Estudiantes Río Cuarto,Tigre,0.2672814657743021,0.24137938194713834,0.49133915227855957,0.5953109130630314,4.12,3.0,2.1,0.0,0.2306678383128295,0.3167838312829525,0.4525483304042178,0,0,D
2026-07-25 20:00:00,1.0,incomplete,Newell's Old Boys,Talleres Córdoba,0.3570561089289126,0.26242164581254396,0.3805222452585434,0.5402226527104135,2.81,2.91,2.83,0.0,0.33800128874970753,0.3263861241878619,0.33561258706243047,0,0,D
2026-07-25 22:15:00,1.0,incomplete,River Plate,Barracas Central,0.594462803836765,0.20642181351566635,0.19911538264756884,0.6766339651275777,1.47,4.05,8.0,2.1,0.6465323715166571,0.23466730521715706,0.11880032326618575,0,0,D
2026-07-26 00:30:00,1.0,incomplete,Lanús,San Lorenzo,0.4465312836088835,0.2601821561973418,0.29328656019377464,0.5318235535687336,2.11,2.95,4.18,0.0,0.4504425522277381,0.322180944135772,0.2273765036364898,0,0,D
2026-07-26 18:00:00,1.0,incomplete,Atlético Tucumán,Independiente Rivadavia,0.30577308319844243,0.23450557846704118,0.4597213383345163,0.6495370276754715,2.66,3.1,2.83,0.0,0.35739892776247817,0.3066713380155458,0.335929734221976,0,0,D
2026-07-26 20:15:00,1.0,incomplete,Estudiantes,Independiente,0.474595450776911,0.23477713523276203,0.290627413990327,0.6400523979683876,2.29,2.98,3.56,0.0,0.4146427259296317,0.31863484643585793,0.2667224276345103,0,0,D
2026-07-26 22:30:00,1.0,incomplete,Deportivo Riestra,Boca Juniors,0.286298855346378,0.24658262403599324,0.4671185206176287,0.585496517855443,4.22,2.99,2.08,0.0,0.22521419828641376,0.3178608417286508,0.45692495998493554,0,0,D
2026-07-28 22:00:00,2.0,incomplete,San Lorenzo,Gimnasia Mendoza,0.4136038913265088,0.2693896770774923,0.31700643159599895,0.5036017261140846,0.0,0.0,0.0,0.0,,,,0,0,D
2026-07-28 22:00:00,2.0,incomplete,Banfield,Sarmiento,0.44346289354967383,0.26063596715713294,0.29590113929319306,0.5312081723317241,0.0,0.0,0.0,0.0,,,,0,0,D
2026-07-29 00:15:00,2.0,incomplete,Rosario Central,Racing Club,0.5146764328849074,0.23080314279675934,0.25452042431833327,0.6312068136647501,0.0,0.0,0.0,0.0,,,,0,0,D
2026-07-29 00:15:00,2.0,incomplete,Argentinos Juniors,Estudiantes Río Cuarto,0.6692851475340267,0.18603456941838284,0.1446802830475903,0.6725662400982964,0.0,0.0,0.0,0.0,,,,0,0,D
2026-07-29 17:30:00,2.0,incomplete,Barracas Central,Aldosivi,0.4917254677646651,0.2546218831472222,0.25365264908811275,0.5293918181716389,0.0,0.0,0.0,0.0,,,,0,0,D
2026-07-29 20:00:00,2.0,incomplete,Defensa y Justicia,Deportivo Riestra,0.44292440194712734,0.26441046346697367,0.29266513458589904,0.514280167831668,0.0,0.0,0.0,0.0,,,,0,0,D
2026-07-29 22:15:00,2.0,incomplete,Gimnasia La Plata,River Plate,0.29302797939714137,0.23240073902832784,0.4745712815745308,0.6521369339163359,0.0,0.0,0.0,0.0,,,,0,0,D
2026-07-30 00:30:00,2.0,incomplete,Instituto,Platense,0.4642197168191545,0.24229705213618072,0.2934832310446647,0.6083104675749829,0.0,0.0,0.0,0.0,,,,0,0,D
2026-07-30 22:00:00,2.0,incomplete,Talleres Córdoba,Vélez Sarsfield,0.38542708923348207,0.25206773807641525,0.3625051726901029,0.5862841003524794,0.0,0.0,0.0,0.0,,,,0,0,D
2026-07-30 22:00:00,2.0,incomplete,Independiente Rivadavia,Huracán,0.5519813777668641,0.22421262073408713,0.2238060014990489,0.6292326498046062,0.0,0.0,0.0,0.0,,,,0,0,D
2026-07-31 00:15:00,2.0,incomplete,Independiente,Newell's Old Boys,0.5007347172890179,0.24288761100556333,0.25637767170541875,0.5803226755918605,0.0,0.0,0.0,0.0,,,,0,0,D
2026-07-31 00:15:00,2.0,incomplete,Central Córdoba SdE,Atlético Tucumán,0.331257562279612,0.2701639207378141,0.3985785169825736,0.5040840149527666,0.0,0.0,0.0,0.0,,,,0,0,D
2026-08-01 18:30:00,3.0,incomplete,Estudiantes Río Cuarto,Banfield,0.3128601190393997,0.25959004740604336,0.4275498335545567,0.5426445184718611,0.0,0.0,0.0,0.0,,,,0,0,D
2026-08-01 18:30:00,3.0,incomplete,Gimnasia Mendoza,Unión Santa Fe,0.28615840051165553,0.2329848139495444,0.4808567855388002,0.6453216209614329,0.0,0.0,0.0,0.0,,,,0,0,D
2026-08-01 21:00:00,3.0,incomplete,Estudiantes,Defensa y Justicia,0.5386439663582789,0.23287495876048,0.2284810748812412,0.5967935458993663,0.0,0.0,0.0,0.0,,,,0,0,D
2026-08-01 21:00:00,3.0,incomplete,Belgrano,Argentinos Juniors,0.3405577402001781,0.23959058665614785,0.41985167314367405,0.6393727842150067,0.0,0.0,0.0,0.0,,,,0,0,D
2026-08-01 23:30:00,3.0,incomplete,Racing Club,Tigre,0.3829812411292431,0.24727830456763958,0.3697404543031172,0.6084547963040441,0.0,0.0,0.0,0.0,,,,0,0,D
2026-08-02 17:30:00,3.0,incomplete,Deportivo Riestra,Barracas Central,0.3582934343565561,0.2665776978740812,0.37512886776936283,0.5225261768107918,0.0,0.0,0.0,0.0,,,,0,0,D
2026-08-02 17:30:00,3.0,incomplete,Aldosivi,Gimnasia La Plata,0.3191584018942109,0.26635750205088127,0.41448409605490777,0.5165907528559288,0.0,0.0,0.0,0.0,,,,0,0,D
2026-08-02 20:00:00,3.0,incomplete,Newell's Old Boys,Boca Juniors,0.30954350625794474,0.24938570286753672,0.44107079087451845,0.5850982294105018,0.0,0.0,0.0,0.0,,,,0,0,D
2026-08-02 22:15:00,3.0,incomplete,River Plate,Rosario Central,0.4964959101965036,0.21545003371747726,0.28805405608601914,0.7258226038081992,0.0,0.0,0.0,0.0,,,,0,0,D
2026-08-03 00:30:00,3.0,incomplete,Lanús,Instituto,0.3969251936337438,0.25124434073721746,0.35183046562903886,0.5888270073232519,0.0,0.0,0.0,0.0,,,,0,0,D
2026-08-03 19:45:00,3.0,incomplete,Sarmiento,Independiente Rivadavia,0.27764160674884686,0.24180145146475895,0.4805569417863941,0.6007920207549577,0.0,0.0,0.0,0.0,,,,0,0,D
2026-08-03 22:00:00,3.0,incomplete,Vélez Sarsfield,Independiente,0.4403170531379741,0.24279116471894097,0.31689178214308483,0.6172482374144507,0.0,0.0,0.0,0.0,,,,0,0,D
2026-08-03 22:00:00,3.0,incomplete,Platense,Talleres Córdoba,0.3969074387376644,0.2547442365707434,0.34834832469159216,0.5727494094736985,0.0,0.0,0.0,0.0,,,,0,0,D
2026-08-04 00:15:00,3.0,incomplete,Huracán,Atlético Tucumán,0.41820574712954517,0.2562730888677279,0.325521164002727,0.5609549421915072,0.0,0.0,0.0,0.0,,,,0,0,D
2026-08-04 00:15:00,3.0,incomplete,Central Córdoba SdE,San Lorenzo,0.3392970388805634,0.2829635180800918,0.3777394430393448,0.45479004507171406,0.0,0.0,0.0,0.0,,,,0,0,D
2026-08-05 22:00:00,2.0,incomplete,Boca Juniors,Estudiantes,0.419793442442159,0.23774326882887348,0.3424632887289676,0.6483051208454091,0.0,0.0,0.0,0.0,,,,0,0,D
2026-08-06 00:15:00,2.0,incomplete,Tigre,Belgrano,0.4398753735746012,0.24456688924923,0.31555773717616886,0.6088012285203277,0.0,0.0,0.0,0.0,,,,0,0,D
2026-08-06 22:00:00,2.0,incomplete,Unión Santa Fe,Lanús,0.5445145386814857,0.21662657085813478,0.23885889046037959,0.6794317299625678,0.0,0.0,0.0,0.0,,,,0,0,D
2026-08-09 00:00:00,4.0,incomplete,Talleres Córdoba,Lanús,0.42428309840721773,0.2560702843665247,0.3196466172262576,0.5599812616488028,0.0,0.0,0.0,0.0,,,,0,0,D
2026-08-09 00:00:00,4.0,incomplete,Instituto,Gimnasia Mendoza,0.48339540958446314,0.24719025559684518,0.2694143348186918,0.571952551580269,0.0,0.0,0.0,0.0,,,,0,0,D
2026-08-09 00:00:00,4.0,incomplete,Rosario Central,Aldosivi,0.6139120680839005,0.20926846297368418,0.17681946894241543,0.6293692878237201,0.0,0.0,0.0,0.0,,,,0,0,D
2026-08-09 00:00:00,4.0,incomplete,Argentinos Juniors,Racing Club,0.5488594322367315,0.21958288253972175,0.23155768522354694,0.6584275452094096,0.0,0.0,0.0,0.0,,,,0,0,D
2026-08-09 00:00:00,4.0,incomplete,Boca Juniors,Vélez Sarsfield,0.44780618625993046,0.23935903888286525,0.3128347748572042,0.6309480349521537,0.0,0.0,0.0,0.0,,,,0,0,D
2026-08-09 00:00:00,4.0,incomplete,Defensa y Justicia,Newell's Old Boys,0.4183881302430839,0.26660257059090375,0.3150092991660124,0.5142967162488163,0.0,0.0,0.0,0.0,,,,0,0,D
2026-08-09 00:00:00,4.0,incomplete,Deportivo Riestra,Estudiantes,0.27805333299876417,0.2435788646467447,0.47836780235449117,0.5933430969082252,0.0,0.0,0.0,0.0,,,,0,0,D
2026-08-09 00:00:00,4.0,incomplete,Independiente,Platense,0.4682747746419841,0.24217593318812028,0.2895492921698956,0.6066026872493556,0.0,0.0,0.0,0.0,,,,0,0,D
2026-08-09 00:00:00,4.0,incomplete,Independiente Rivadavia,Estudiantes Río Cuarto,0.6594972283061933,0.19120768740365351,0.14929508429015348,0.6587437076780336,0.0,0.0,0.0,0.0,,,,0,0,D
2026-08-09 00:00:00,4.0,incomplete,Atlético Tucumán,Sarmiento,0.4430155561190085,0.25716482046929007,0.2998196234117014,0.5474767286390148,0.0,0.0,0.0,0.0,,,,0,0,D
2026-08-09 00:00:00,4.0,incomplete,Unión Santa Fe,Central Córdoba SdE,0.6347183009227131,0.20229659374996253,0.16298510532732435,0.6358660805400151,0.0,0.0,0.0,0.0,,,,0,0,D
2026-08-09 00:00:00,4.0,incomplete,Gimnasia La Plata,Barracas Central,0.4275220370487788,0.2628265022889759,0.30965146066224514,0.5279554563475921,0.0,0.0,0.0,0.0,,,,0,0,D
2026-08-09 00:00:00,4.0,incomplete,Tigre,River Plate,0.33918512339752405,0.22389465598488803,0.43692022061758784,0.7112966650539627,0.0,0.0,0.0,0.0,,,,0,0,D
2026-08-09 00:00:00,4.0,incomplete,San Lorenzo,Huracán,0.39433681047995006,0.2689588099212147,0.33670437959883537,0.510075669576247,0.0,0.0,0.0,0.0,,,,0,0,D
2026-08-09 00:00:00,4.0,incomplete,Banfield,Belgrano,0.37856333994359426,0.2579089968606642,0.36352766319574165,0.5603084247604533,0.0,0.0,0.0,0.0,,,,0,0,D
2026-08-16 00:00:00,5.0,incomplete,Gimnasia Mendoza,Talleres Córdoba,0.3669931126507564,0.26436089055115186,0.36864599679809174,0.5322525998888847,0.0,0.0,0.0,0.0,,,,0,0,D
2026-08-16 00:00:00,5.0,incomplete,Estudiantes,Gimnasia La Plata,0.5019215902985329,0.23892828886814657,0.2591501208333207,0.599587859808854,0.0,0.0,0.0,0.0,,,,0,0,D
2026-08-16 00:00:00,5.0,incomplete,River Plate,Argentinos Juniors,0.4686521617636896,0.21511096203864782,0.3162368761976624,0.7428807866325798,0.0,0.0,0.0,0.0,,,,0,0,D
2026-08-16 00:00:00,5.0,incomplete,San Lorenzo,Unión Santa Fe,0.2911154641244317,0.23501109549668553,0.47387344037888274,0.6392965903810115,0.0,0.0,0.0,0.0,,,,0,0,D
2026-08-16 00:00:00,5.0,incomplete,Central Córdoba SdE,Instituto,0.29348462211200216,0.26329935250998887,0.443216025378009,0.5191677382499222,0.0,0.0,0.0,0.0,,,,0,0,D
2026-08-16 00:00:00,5.0,incomplete,Belgrano,Independiente Rivadavia,0.34599859342306516,0.24250155038343563,0.41149985619349916,0.6273321222934523,0.0,0.0,0.0,0.0,,,,0,0,D
2026-08-16 00:00:00,5.0,incomplete,Barracas Central,Rosario Central,0.3215970166387883,0.24624552696304935,0.4321574563981622,0.6036163796439331,0.0,0.0,0.0,0.0,,,,0,0,D
2026-08-16 00:00:00,5.0,incomplete,Platense,Boca Juniors,0.3471616360674714,0.24535022112709853,0.40748814280543,0.6146091158419614,0.0,0.0,0.0,0.0,,,,0,0,D
2026-08-16 00:00:00,5.0,incomplete,Newell's Old Boys,Deportivo Riestra,0.4361891757670903,0.2629872306912906,0.300823593541619,0.5237567129164487,0.0,0.0,0.0,0.0,,,,0,0,D
2026-08-16 00:00:00,5.0,incomplete,Vélez Sarsfield,Defensa y Justicia,0.5041778659479326,0.24419921301106398,0.25162292104100337,0.5708043463164822,0.0,0.0,0.0,0.0,,,,0,0,D
2026-08-16 00:00:00,5.0,incomplete,Sarmiento,Huracán,0.3810589775272493,0.27013290923081656,0.34880811324193434,0.5069142101902553,0.0,0.0,0.0,0.0,,,,0,0,D
2026-08-16 00:00:00,5.0,incomplete,Lanús,Independiente,0.39237463428681063,0.25189085379338133,0.3557345119198081,0.5864384041275447,0.0,0.0,0.0,0.0,,,,0,0,D
2026-08-16 00:00:00,5.0,incomplete,Aldosivi,Tigre,0.2846877495425516,0.24602520312857448,0.46928704732887383,0.5869433966123435,0.0,0.0,0.0,0.0,,,,0,0,D
2026-08-16 00:00:00,5.0,incomplete,Estudiantes Río Cuarto,Atlético Tucumán,0.31707473533872177,0.2560840369286463,0.4268412277326318,0.5590427595676704,0.0,0.0,0.0,0.0,,,,0,0,D
2026-08-16 00:00:00,5.0,incomplete,Racing Club,Banfield,0.4317338126564391,0.25432447586949625,0.3139417114740644,0.565458842058073,0.0,0.0,0.0,0.0,,,,0,0,D
2026-08-23 00:00:00,6.0,incomplete,Lanús,Argentinos Juniors,0.3185447023236621,0.23765996909959336,0.4437953285767445,0.6409885813241323,0.0,0.0,0.0,0.0,,,,0,0,D
2026-08-23 00:00:00,6.0,incomplete,River Plate,Vélez Sarsfield,0.5338464753211203,0.2141451467140276,0.2520083779648522,0.7034906837206398,0.0,0.0,0.0,0.0,,,,0,0,D
2026-08-23 00:00:00,6.0,incomplete,Belgrano,Defensa y Justicia,0.4776851446601038,0.2547959356228085,0.26751891971708763,0.538861942991316,0.0,0.0,0.0,0.0,,,,0,0,D
2026-08-23 00:00:00,6.0,incomplete,Sarmiento,Estudiantes,0.30327847682808373,0.25078907135561396,0.4459324518163023,0.5762381508723058,0.0,0.0,0.0,0.0,,,,0,0,D
2026-08-23 00:00:00,6.0,incomplete,Talleres Córdoba,Rosario Central,0.3508040964661143,0.24497751089995273,0.40421839263393283,0.6169600975555328,0.0,0.0,0.0,0.0,,,,0,0,D
2026-08-23 00:00:00,6.0,incomplete,Huracán,Deportivo Riestra,0.46869749399957766,0.2583280343736026,0.27297447162681965,0.5280270794282474,0.0,0.0,0.0,0.0,,,,0,0,D
2026-08-23 00:00:00,6.0,incomplete,Tigre,Central Córdoba SdE,0.5542755563497515,0.2368504797361344,0.20887396391411414,0.5575282446672132,0.0,0.0,0.0,0.0,,,,0,0,D
2026-08-23 00:00:00,6.0,incomplete,Barracas Central,Platense,0.4098938847779612,0.25733370014803414,0.3327724150740048,0.5583337017554719,0.0,0.0,0.0,0.0,,,,0,0,D
2026-08-23 00:00:00,6.0,incomplete,Gimnasia La Plata,Gimnasia Mendoza,0.44416495337870787,0.26311699818522616,0.2927180484360659,0.5195421036536828,0.0,0.0,0.0,0.0,,,,0,0,D
2026-08-23 00:00:00,6.0,incomplete,Newell's Old Boys,Banfield,0.38026888245744506,0.26187033818184446,0.3578607793607105,0.5426622559610731,0.0,0.0,0.0,0.0,,,,0,0,D
2026-08-23 00:00:00,6.0,incomplete,Atlético Tucumán,Instituto,0.3789514328030652,0.2474885209282489,0.37356004626868594,0.6076030489387969,0.0,0.0,0.0,0.0,,,,0,0,D
2026-08-23 00:00:00,6.0,incomplete,Racing Club,Boca Juniors,0.3578984400351206,0.24844858310935244,0.393652976855527,0.6022002678581524,0.0,0.0,0.0,0.0,,,,0,0,D
2026-08-23 00:00:00,6.0,incomplete,Aldosivi,Unión Santa Fe,0.23061946487949322,0.21972634703417762,0.5496541880863292,0.6567588022944997,0.0,0.0,0.0,0.0,,,,0,0,D
2026-08-23 00:00:00,6.0,incomplete,Independiente,Independiente Rivadavia,0.35427738521089236,0.23681560142387617,0.4089070133652315,0.6550361674641886,0.0,0.0,0.0,0.0,,,,0,0,D
2026-08-23 00:00:00,6.0,incomplete,Estudiantes Río Cuarto,San Lorenzo,0.326470419672207,0.2689148882788168,0.40461469204897604,0.5080984004672735,0.0,0.0,0.0,0.0,,,,0,0,D
2026-08-30 00:00:00,7.0,incomplete,Huracán,Estudiantes Río Cuarto,0.515125426428255,0.24902866410498628,0.2358459094667588,0.5367152559773269,0.0,0.0,0.0,0.0,,,,0,0,D
2026-08-30 00:00:00,7.0,incomplete,Atlético Tucumán,Belgrano,0.37719056280894897,0.2542009872631811,0.36860844992786984,0.5770025999722035,0.0,0.0,0.0,0.0,,,,0,0,D
2026-08-30 00:00:00,7.0,incomplete,Unión Santa Fe,Sarmiento,0.5889484537305003,0.21082429519368015,0.20022725107581943,0.6584528344376848,0.0,0.0,0.0,0.0,,,,0,0,D
2026-08-30 00:00:00,7.0,incomplete,Banfield,River Plate,0.28334458814401686,0.2263694145988031,0.4902859972571799,0.6732428014876297,0.0,0.0,0.0,0.0,,,,0,0,D
2026-08-30 00:00:00,7.0,incomplete,Estudiantes,Newell's Old Boys,0.5502972964562,0.22815550286009445,0.22154720068370543,0.6094237823327215,0.0,0.0,0.0,0.0,,,,0,0,D
2026-08-30 00:00:00,7.0,incomplete,Instituto,San Lorenzo,0.4766281137921182,0.24940290674752325,0.27396897946035853,0.5656994110641492,0.0,0.0,0.0,0.0,,,,0,0,D
2026-08-30 00:00:00,7.0,incomplete,Tigre,Barracas Central,0.48342655551582525,0.24174536459996737,0.27482807988420754,0.5991279413475499,0.0,0.0,0.0,0.0,,,,0,0,D
2026-08-30 00:00:00,7.0,incomplete,Defensa y Justicia,Platense,0.3870114636249622,0.2613673918825912,0.3516211444924465,0.5442681150192891,0.0,0.0,0.0,0.0,,,,0,0,D
2026-08-30 00:00:00,7.0,incomplete,Rosario Central,Gimnasia La Plata,0.5135679145179636,0.2346841317613426,0.2517479537206939,0.6117439544621363,0.0,0.0,0.0,0.0,,,,0,0,D
2026-08-30 00:00:00,7.0,incomplete,Argentinos Juniors,Aldosivi,0.6476468638770752,0.19464747261343174,0.15770566350949333,0.6601624524791386,0.0,0.0,0.0,0.0,,,,0,0,D
2026-08-30 00:00:00,7.0,incomplete,Talleres Córdoba,Central Córdoba SdE,0.5124278956034055,0.25658103628992385,0.2309910681066705,0.5022241057684755,0.0,0.0,0.0,0.0,,,,0,0,D
2026-08-30 00:00:00,7.0,incomplete,Deportivo Riestra,Vélez Sarsfield,0.30291720536156286,0.25224557387103147,0.44483722076740567,0.5697986442886438,0.0,0.0,0.0,0.0,,,,0,0,D
2026-08-30 00:00:00,7.0,incomplete,Boca Juniors,Lanús,0.48804964037238996,0.23931095828093465,0.27263940134667547,0.6082066769775847,0.0,0.0,0.0,0.0,,,,0,0,D
2026-08-30 00:00:00,7.0,incomplete,Independiente,Gimnasia Mendoza,0.48729541221496747,0.24693800708073532,0.26576658070429726,0.5703977433886797,0.0,0.0,0.0,0.0,,,,0,0,D
2026-08-30 00:00:00,7.0,incomplete,Independiente Rivadavia,Racing Club,0.5392506094923382,0.22379438579040314,0.23695500471725872,0.6454405472525755,0.0,0.0,0.0,0.0,,,,0,0,D
2026-09-06 00:00:00,8.0,incomplete,Vélez Sarsfield,Estudiantes,0.39765304978527716,0.2414872176094716,0.3608597326052514,0.6343918604206737,0.0,0.0,0.0,0.0,,,,0,0,D
2026-09-06 00:00:00,8.0,incomplete,Rosario Central,Newell's Old Boys,0.5622206558611754,0.22330111306850509,0.2144782310703195,0.6221135509009236,0.0,0.0,0.0,0.0,,,,0,0,D
2026-09-06 00:00:00,8.0,incomplete,River Plate,Independiente Rivadavia,0.47422745004046596,0.21658670502007926,0.3091858449394548,0.732791162903919,0.0,0.0,0.0,0.0,,,,0,0,D
2026-09-06 00:00:00,8.0,incomplete,Aldosivi,Banfield,0.3306767036149289,0.262468803380291,0.4068544930047801,0.5358878297219463,0.0,0.0,0.0,0.0,,,,0,0,D
2026-09-06 00:00:00,8.0,incomplete,Gimnasia La Plata,Tigre,0.3776930907300838,0.25171276479070004,0.3705941444792161,0.5882717766450861,0.0,0.0,0.0,0.0,,,,0,0,D
2026-09-06 00:00:00,8.0,incomplete,Platense,Deportivo Riestra,0.4794315438120608,0.25001516836887344,0.27055328781906574,0.5608105460736703,0.0,0.0,0.0,0.0,,,,0,0,D
2026-09-06 00:00:00,8.0,incomplete,Estudiantes Río Cuarto,Sarmiento,0.33842693713951494,0.27033487584660504,0.39123818701387997,0.5047177603101962,0.0,0.0,0.0,0.0,,,,0,0,D
2026-09-06 00:00:00,8.0,incomplete,Belgrano,Huracán,0.4555312621466245,0.2561784277768848,0.2882903100764907,0.5458541313911477,0.0,0.0,0.0,0.0,,,,0,0,D
2026-09-06 00:00:00,8.0,incomplete,Racing Club,Atlético Tucumán,0.4378929836760715,0.2502063892070117,0.3119006271169168,0.5824962114522529,0.0,0.0,0.0,0.0,,,,0,0,D
2026-09-06 00:00:00,8.0,incomplete,San Lorenzo,Talleres Córdoba,0.371623597743493,0.2655842677053019,0.36279213455120507,0.5269341532605976,0.0,0.0,0.0,0.0,,,,0,0,D
2026-09-06 00:00:00,8.0,incomplete,Gimnasia Mendoza,Boca Juniors,0.31958370087028537,0.2523225078309816,0.42809379129873304,0.5761678144967664,0.0,0.0,0.0,0.0,,,,0,0,D
2026-09-06 00:00:00,8.0,incomplete,Central Córdoba SdE,Independiente,0.2897549170825052,0.2632765995903952,0.4469684833270997,0.5174436536806108,0.0,0.0,0.0,0.0,,,,0,0,D
2026-09-06 00:00:00,8.0,incomplete,Barracas Central,Argentinos Juniors,0.2972749642387336,0.23826102312900757,0.4644640126322589,0.6282790382863054,0.0,0.0,0.0,0.0,,,,0,0,D
2026-09-06 00:00:00,8.0,incomplete,Unión Santa Fe,Instituto,0.5240796175528523,0.21565625034633631,0.26026413210081134,0.7040251911418954,0.0,0.0,0.0,0.0,,,,0,0,D
2026-09-06 00:00:00,8.0,incomplete,Lanús,Defensa y Justicia,0.4552157536893378,0.2584147825431222,0.28636946376754013,0.5355392990469968,0.0,0.0,0.0,0.0,,,,0,0,D
2026-09-13 00:00:00,9.0,incomplete,Banfield,Barracas Central,0.4198992453713391,0.25917696470606366,0.32092378992259724,0.547126997189085,0.0,0.0,0.0,0.0,,,,0,0,D
2026-09-13 00:00:00,9.0,incomplete,Atlético Tucumán,River Plate,0.2805496764493747,0.22229214348410492,0.49715818006652046,0.6897674862417902,0.0,0.0,0.0,0.0,,,,0,0,D
2026-09-13 00:00:00,9.0,incomplete,Tigre,Rosario Central,0.386391126030003,0.23541351810176367,0.3781953558682334,0.6639326345415315,0.0,0.0,0.0,0.0,,,,0,0,D
2026-09-13 00:00:00,9.0,incomplete,Argentinos Juniors,Gimnasia La Plata,0.5474267343497595,0.2233176267359435,0.22925563891429698,0.6393134520780454,0.0,0.0,0.0,0.0,,,,0,0,D
2026-09-13 00:00:00,9.0,incomplete,Boca Juniors,Central Córdoba SdE,0.5769811566915984,0.23128808572746531,0.19173075758093652,0.5580753263138917,0.0,0.0,0.0,0.0,,,,0,0,D
2026-09-13 00:00:00,9.0,incomplete,Talleres Córdoba,Unión Santa Fe,0.3334385378976812,0.2334484516524637,0.4331130104498551,0.6655012664405501,0.0,0.0,0.0,0.0,,,,0,0,D
2026-09-13 00:00:00,9.0,incomplete,Deportivo Riestra,Lanús,0.3397398628194255,0.2623753071182785,0.3978848300622961,0.5382002349992814,0.0,0.0,0.0,0.0,,,,0,0,D
2026-09-13 00:00:00,9.0,incomplete,Instituto,Estudiantes Río Cuarto,0.5707172791093018,0.22605529712014188,0.20322742377055647,0.5957793358892367,0.0,0.0,0.0,0.0,,,,0,0,D
2026-09-13 00:00:00,9.0,incomplete,Sarmiento,Belgrano,0.3445201786177491,0.2657601366658572,0.3897196847163939,0.5246467960028318,0.0,0.0,0.0,0.0,,,,0,0,D
2026-09-13 00:00:00,9.0,incomplete,Huracán,Racing Club,0.3985911484182518,0.2612113099888523,0.34019754159289584,0.5432517065531683,0.0,0.0,0.0,0.0,,,,0,0,D
2026-09-13 00:00:00,9.0,incomplete,Newell's Old Boys,Vélez Sarsfield,0.32653793868323816,0.2542251952106826,0.41923686610607924,0.570123880694645,0.0,0.0,0.0,0.0,,,,0,0,D
2026-09-13 00:00:00,9.0,incomplete,Independiente Rivadavia,Aldosivi,0.637828385863697,0.19972245168850367,0.16244916244779922,0.6463750793452979,0.0,0.0,0.0,0.0,,,,0,0,D
2026-09-13 00:00:00,9.0,incomplete,Defensa y Justicia,Gimnasia Mendoza,0.406141546225049,0.2693880961454965,0.3244703576294544,0.5056743027949664,0.0,0.0,0.0,0.0,,,,0,0,D
2026-09-13 00:00:00,9.0,incomplete,Independiente,San Lorenzo,0.4805152986851416,0.24918902062837292,0.2702956806864856,0.5641113539057111,0.0,0.0,0.0,0.0,,,,0,0,D
2026-09-13 00:00:00,9.0,incomplete,Estudiantes,Platense,0.5182616731769858,0.22981349201151782,0.25192483481149636,0.6332742917983705,0.0,0.0,0.0,0.0,,,,0,0,D
2026-09-20 00:00:00,10.0,incomplete,Lanús,Estudiantes,0.3514479104312449,0.24732259663294565,0.4012294929358095,0.6064236044378094,0.0,0.0,0.0,0.0,,,,0,0,D
2026-09-20 00:00:00,10.0,incomplete,Unión Santa Fe,Independiente,0.518849293321374,0.217006017944931,0.26414468873369507,0.7011937208777952,0.0,0.0,0.0,0.0,,,,0,0,D
2026-09-20 00:00:00,10.0,incomplete,River Plate,Huracán,0.5909897643959606,0.20779505404854284,0.20121518155549656,0.673429335496083,0.0,0.0,0.0,0.0,,,,0,0,D
2026-09-20 00:00:00,10.0,incomplete,Gimnasia Mendoza,Deportivo Riestra,0.44603063166016094,0.263422669852085,0.29054669848775394,0.5172456289021219,0.0,0.0,0.0,0.0,,,,0,0,D
2026-09-20 00:00:00,10.0,incomplete,San Lorenzo,Boca Juniors,0.3243506582629416,0.2540173637939848,0.4216319779430735,0.5703644060127552,0.0,0.0,0.0,0.0,,,,0,0,D
2026-09-20 00:00:00,10.0,incomplete,Rosario Central,Argentinos Juniors,0.40703536183620287,0.22845974211077513,0.36450489605302216,0.6955070187236911,0.0,0.0,0.0,0.0,,,,0,0,D
2026-09-20 00:00:00,10.0,incomplete,Central Córdoba SdE,Defensa y Justicia,0.3467770019181325,0.2825273213275384,0.3706956767543291,0.45715869436697953,0.0,0.0,0.0,0.0,,,,0,0,D
2026-09-20 00:00:00,10.0,incomplete,Platense,Newell's Old Boys,0.4538222482522012,0.2534301110138343,0.29274764073396464,0.5597729934789553,0.0,0.0,0.0,0.0,,,,0,0,D
2026-09-20 00:00:00,10.0,incomplete,Barracas Central,Independiente Rivadavia,0.3026841287253251,0.24170018348287087,0.45561568779180406,0.6157811075014312,0.0,0.0,0.0,0.0,,,,0,0,D
2026-09-20 00:00:00,10.0,incomplete,Vélez Sarsfield,Tigre,0.43356630366604,0.23942601622816076,0.32700768010579934,0.6361206076653949,0.0,0.0,0.0,0.0,,,,0,0,D
2026-09-20 00:00:00,10.0,incomplete,Aldosivi,Atlético Tucumán,0.33521092508368455,0.25885002539217566,0.40593904952413973,0.5523672221982296,0.0,0.0,0.0,0.0,,,,0,0,D
2026-09-20 00:00:00,10.0,incomplete,Belgrano,Estudiantes Río Cuarto,0.5611224769450895,0.2339355953521528,0.20494192770275765,0.5647202153607539,0.0,0.0,0.0,0.0,,,,0,0,D
2026-09-20 00:00:00,10.0,incomplete,Gimnasia La Plata,Banfield,0.425495068473028,0.2592288513598931,0.315276080167079,0.545031061430844,0.0,0.0,0.0,0.0,,,,0,0,D
2026-09-20 00:00:00,10.0,incomplete,Instituto,Talleres Córdoba,0.4387363606865008,0.24826489357517512,0.31299874573832415,0.5914334246645822,0.0,0.0,0.0,0.0,,,,0,0,D
2026-09-20 00:00:00,10.0,incomplete,Racing Club,Sarmiento,0.4573575432762256,0.2587146001084116,0.2839278566153629,0.5329626566730625,0.0,0.0,0.0,0.0,,,,0,0,D
2026-10-04 00:00:00,11.0,incomplete,Deportivo Riestra,Central Córdoba SdE,0.4265901503151583,0.2765676671997305,0.296842182485111,0.4684423813429409,0.0,0.0,0.0,0.0,,,,0,0,D
2026-10-04 00:00:00,11.0,incomplete,Atlético Tucumán,Barracas Central,0.4190731116588353,0.2556484897630821,0.32527839857808266,0.5635792445144527,0.0,0.0,0.0,0.0,,,,0,0,D
2026-10-04 00:00:00,11.0,incomplete,Argentinos Juniors,Tigre,0.5141133876013709,0.21894131053359153,0.2669453018650376,0.6947309238541841,0.0,0.0,0.0,0.0,,,,0,0,D
2026-10-04 00:00:00,11.0,incomplete,Vélez Sarsfield,Platense,0.48335294921935257,0.23987266882293973,0.2767743819577078,0.6086300133389623,0.0,0.0,0.0,0.0,,,,0,0,D
2026-10-04 00:00:00,11.0,incomplete,Independiente Rivadavia,Gimnasia La Plata,0.5378718347379257,0.22758996770563203,0.23453819755644228,0.6261760006973245,0.0,0.0,0.0,0.0,,,,0,0,D
2026-10-04 00:00:00,11.0,incomplete,Estudiantes,Gimnasia Mendoza,0.5364873576691129,0.23292236570980215,0.23059027662108508,0.5988414188784974,0.0,0.0,0.0,0.0,,,,0,0,D
2026-10-04 00:00:00,11.0,incomplete,Estudiantes Río Cuarto,Racing Club,0.3004620093650639,0.25805617991028806,0.44148181072464787,0.5440300333561361,0.0,0.0,0.0,0.0,,,,0,0,D
2026-10-04 00:00:00,11.0,incomplete,Boca Juniors,Unión Santa Fe,0.3944085228294765,0.2269434498482515,0.37864802732227193,0.7038917262731474,0.0,0.0,0.0,0.0,,,,0,0,D
2026-10-04 00:00:00,11.0,incomplete,Huracán,Aldosivi,0.4937899502543734,0.25471364114774414,0.2514964085978823,0.5273183576028417,0.0,0.0,0.0,0.0,,,,0,0,D
2026-10-04 00:00:00,11.0,incomplete,Banfield,Rosario Central,0.3274888389297688,0.24286279186090268,0.4296483692093286,0.620754899521379,0.0,0.0,0.0,0.0,,,,0,0,D
2026-10-04 00:00:00,11.0,incomplete,Newell's Old Boys,Lanús,0.364015706931375,0.2625264890477548,0.37345780402087037,0.5401288760405597,0.0,0.0,0.0,0.0,,,,0,0,D
2026-10-04 00:00:00,11.0,incomplete,Independiente,Instituto,0.43008347838986477,0.24326551995592113,0.326651001654214,0.6186682139172277,0.0,0.0,0.0,0.0,,,,0,0,D
2026-10-04 00:00:00,11.0,incomplete,Sarmiento,River Plate,0.2540597415791054,0.2280127694835689,0.5179274889373258,0.6431527270622008,0.0,0.0,0.0,0.0,,,,0,0,D
2026-10-04 00:00:00,11.0,incomplete,Talleres Córdoba,Belgrano,0.4018922437385229,0.2576713970823636,0.3404363591791135,0.5585548633283244,0.0,0.0,0.0,0.0,,,,0,0,D
2026-10-04 00:00:00,11.0,incomplete,Defensa y Justicia,San Lorenzo,0.4000421651000657,0.271031924449158,0.32892591045077646,0.5000596777521853,0.0,0.0,0.0,0.0,,,,0,0,D
2026-10-11 00:00:00,12.0,incomplete,Barracas Central,Huracán,0.4093676058757062,0.2644392669424471,0.3261931271818467,0.5264961496505189,0.0,0.0,0.0,0.0,,,,0,0,D
2026-10-11 00:00:00,12.0,incomplete,Talleres Córdoba,Independiente,0.3997846391579705,0.2516142997077923,0.3486010611342372,0.5866797939936352,0.0,0.0,0.0,0.0,,,,0,0,D
2026-10-11 00:00:00,12.0,incomplete,Unión Santa Fe,Defensa y Justicia,0.5845594747376712,0.21121578902483104,0.2042247362374977,0.6622555247280282,0.0,0.0,0.0,0.0,,,,0,0,D
2026-10-11 00:00:00,12.0,incomplete,Aldosivi,Sarmiento,0.35617062712701214,0.27218631348912947,0.37164305938385833,0.498980690840484,0.0,0.0,0.0,0.0,,,,0,0,D
2026-10-11 00:00:00,12.0,incomplete,Rosario Central,Independiente Rivadavia,0.412626737556709,0.23058420419012776,0.3567890582531633,0.6844171690369811,0.0,0.0,0.0,0.0,,,,0,0,D
2026-10-11 00:00:00,12.0,incomplete,Instituto,Boca Juniors,0.3879284270837275,0.2425896866498695,0.36948188626640277,0.6300481182858446,0.0,0.0,0.0,0.0,,,,0,0,D
2026-10-11 00:00:00,12.0,incomplete,Lanús,Vélez Sarsfield,0.3780972851225881,0.25216633701091307,0.3697363778664986,0.5861981185166638,0.0,0.0,0.0,0.0,,,,0,0,D
2026-10-11 00:00:00,12.0,incomplete,Gimnasia Mendoza,Newell's Old Boys,0.42141438104161405,0.26572692407103776,0.3128586948873482,0.5171630377341455,0.0,0.0,0.0,0.0,,,,0,0,D
2026-10-11 00:00:00,12.0,incomplete,Tigre,Banfield,0.4815899310057501,0.23866777888962137,0.27974229010462853,0.6159146518857462,0.0,0.0,0.0,0.0,,,,0,0,D
2026-10-11 00:00:00,12.0,incomplete,Racing Club,Belgrano,0.39227011026772934,0.25756494156782406,0.3501649481644466,0.5606134094139202,0.0,0.0,0.0,0.0,,,,0,0,D
2026-10-11 00:00:00,12.0,incomplete,River Plate,Estudiantes Río Cuarto,0.6979578430635658,0.17181292871144982,0.13022922822498445,0.7054349330506511,0.0,0.0,0.0,0.0,,,,0,0,D
2026-10-11 00:00:00,12.0,incomplete,Central Córdoba SdE,Estudiantes,0.2546802964888298,0.25127292718410743,0.49404677632706284,0.5438502924052907,0.0,0.0,0.0,0.0,,,,0,0,D
2026-10-11 00:00:00,12.0,incomplete,Platense,Argentinos Juniors,0.30511020733709115,0.23285897550876894,0.46203081715413985,0.6566494727697247,0.0,0.0,0.0,0.0,,,,0,0,D
2026-10-11 00:00:00,12.0,incomplete,San Lorenzo,Deportivo Riestra,0.4504923485624288,0.26393724752191616,0.28557040391565497,0.5126422514167859,0.0,0.0,0.0,0.0,,,,0,0,D
2026-10-11 00:00:00,12.0,incomplete,Gimnasia La Plata,Atlético Tucumán,0.4315786168130208,0.2550713662335246,0.3133500169534546,0.5620271653538065,0.0,0.0,0.0,0.0,,,,0,0,D
2026-10-18 00:00:00,13.0,incomplete,Racing Club,Independiente,0.38995814453824834,0.25142768345843797,0.3586141720033138,0.5888277752309916,0.0,0.0,0.0,0.0,,,,0,0,D
2026-10-18 00:00:00,13.0,incomplete,Estudiantes,San Lorenzo,0.5294611200813543,0.23552925741585534,0.23500962250279056,0.5922270748426184,0.0,0.0,0.0,0.0,,,,0,0,D
2026-10-18 00:00:00,13.0,incomplete,Newell's Old Boys,Central Córdoba SdE,0.4513590520133733,0.27252087530124863,0.27612007268537814,0.4740953797675792,0.0,0.0,0.0,0.0,,,,0,0,D
2026-10-18 00:00:00,13.0,incomplete,Defensa y Justicia,Instituto,0.3515006994433729,0.2576431398832943,0.39085616067333284,0.5604432375763508,0.0,0.0,0.0,0.0,,,,0,0,D
2026-10-18 00:00:00,13.0,incomplete,Independiente Rivadavia,Tigre,0.5046387695321559,0.2226588747749105,0.2727023556929337,0.6824241983055885,0.0,0.0,0.0,0.0,,,,0,0,D
2026-10-18 00:00:00,13.0,incomplete,Vélez Sarsfield,Gimnasia Mendoza,0.5020028866905386,0.24413292157585043,0.25386419173361097,0.5729649223321316,0.0,0.0,0.0,0.0,,,,0,0,D
2026-10-18 00:00:00,13.0,incomplete,Huracán,Gimnasia La Plata,0.39865968786385614,0.2657185865010686,0.3356217256350752,0.5233159387805549,0.0,0.0,0.0,0.0,,,,0,0,D
2026-10-18 00:00:00,13.0,incomplete,Deportivo Riestra,Unión Santa Fe,0.2529562007365637,0.22478950390796823,0.5222542953554681,0.6565168375529413,0.0,0.0,0.0,0.0,,,,0,0,D
2026-10-18 00:00:00,13.0,incomplete,Boca Juniors,Talleres Córdoba,0.4802815454488271,0.24058862854847574,0.279129826002697,0.6070771526693384,0.0,0.0,0.0,0.0,,,,0,0,D
2026-10-18 00:00:00,13.0,incomplete,Estudiantes Río Cuarto,Aldosivi,0.390610549044917,0.2685124163647242,0.34087703459035856,0.5126148871368166,0.0,0.0,0.0,0.0,,,,0,0,D
2026-10-18 00:00:00,13.0,incomplete,Belgrano,River Plate,0.3209549198437343,0.23226936796445918,0.4467757121918063,0.6664588975175305,0.0,0.0,0.0,0.0,,,,0,0,D
2026-10-18 00:00:00,13.0,incomplete,Atlético Tucumán,Rosario Central,0.32528894460765806,0.23897472321982335,0.43573633217251845,0.6375716644083532,0.0,0.0,0.0,0.0,,,,0,0,D
2026-10-18 00:00:00,13.0,incomplete,Banfield,Argentinos Juniors,0.30268097919023873,0.235149289808556,0.46216973100120523,0.6450771907587061,0.0,0.0,0.0,0.0,,,,0,0,D
2026-10-18 00:00:00,13.0,incomplete,Sarmiento,Barracas Central,0.3838820521917027,0.26944319671688827,0.3466747510914091,0.5095403641285017,0.0,0.0,0.0,0.0,,,,0,0,D
2026-10-18 00:00:00,13.0,incomplete,Platense,Lanús,0.404267739473676,0.2543922482738152,0.3413400122525087,0.5730596713485684,0.0,0.0,0.0,0.0,,,,0,0,D
2026-10-25 00:00:00,14.0,incomplete,Rosario Central,Huracán,0.5276243746245419,0.23169821633804902,0.24067740903740903,0.6144335855744492,0.0,0.0,0.0,0.0,,,,0,0,D
2026-10-25 00:00:00,14.0,incomplete,San Lorenzo,Newell's Old Boys,0.42593037019698704,0.2664495555051594,0.3076200742978537,0.5123532666824747,0.0,0.0,0.0,0.0,,,,0,0,D
2026-10-25 00:00:00,14.0,incomplete,Central Córdoba SdE,Vélez Sarsfield,0.2777590846693459,0.26118881723169696,0.4610520980989572,0.5193623907830193,0.0,0.0,0.0,0.0,,,,0,0,D
2026-10-25 00:00:00,14.0,incomplete,Banfield,Lanús,0.4006378443371809,0.2571986277139522,0.34216352794886684,0.5609384253220766,0.0,0.0,0.0,0.0,,,,0,0,D
2026-10-25 00:00:00,14.0,incomplete,Aldosivi,Belgrano,0.29566413530721425,0.2592371218834119,0.44509874280937384,0.5368797297418754,0.0,0.0,0.0,0.0,,,,0,0,D
2026-10-25 00:00:00,14.0,incomplete,Gimnasia Mendoza,Platense,0.389958136835276,0.2606691911774035,0.3493726719873204,0.5470134309995741,0.0,0.0,0.0,0.0,,,,0,0,D
2026-10-25 00:00:00,14.0,incomplete,Argentinos Juniors,Independiente Rivadavia,0.4457515419315412,0.22421665464504756,0.33003180342341126,0.706821175647384,0.0,0.0,0.0,0.0,,,,0,0,D
2026-10-25 00:00:00,14.0,incomplete,Barracas Central,Estudiantes Río Cuarto,0.5130837534958002,0.24900845627115656,0.2379077902330434,0.5387189862798902,0.0,0.0,0.0,0.0,,,,0,0,D
2026-10-25 00:00:00,14.0,incomplete,Tigre,Atlético Tucumán,0.4883987615355338,0.2344116550460482,0.2771895834184181,0.6330009403679269,0.0,0.0,0.0,0.0,,,,0,0,D
2026-10-25 00:00:00,14.0,incomplete,Gimnasia La Plata,Sarmiento,0.4506167849900916,0.2639416602814995,0.2854415547284088,0.5125570550529703,0.0,0.0,0.0,0.0,,,,0,0,D
2026-10-25 00:00:00,14.0,incomplete,River Plate,Racing Club,0.5783526137067578,0.2080990383515232,0.21354834794171892,0.6886046987803253,0.0,0.0,0.0,0.0,,,,0,0,D
2026-10-25 00:00:00,14.0,incomplete,Instituto,Deportivo Riestra,0.5228174712279652,0.2382936519880138,0.2388888767840211,0.5842680003356783,0.0,0.0,0.0,0.0,,,,0,0,D
2026-10-25 00:00:00,14.0,incomplete,Talleres Córdoba,Defensa y Justicia,0.4625682820803468,0.2573116293232484,0.2801200885964048,0.5365487097199505,0.0,0.0,0.0,0.0,,,,0,0,D
2026-10-25 00:00:00,14.0,incomplete,Unión Santa Fe,Estudiantes,0.4733265582223068,0.22039760092193675,0.3062758408557565,0.7139487391129671,0.0,0.0,0.0,0.0,,,,0,0,D
2026-10-25 00:00:00,14.0,incomplete,Independiente,Boca Juniors,0.39204467000527216,0.24298881341441916,0.3649665165803087,0.6278784170864191,0.0,0.0,0.0,0.0,,,,0,0,D
2026-11-01 00:00:00,15.0,incomplete,Defensa y Justicia,Independiente,0.347270513876381,0.257995031174584,0.3947344549490348,0.5583252148799647,0.0,0.0,0.0,0.0,,,,0,0,D
2026-11-01 00:00:00,15.0,incomplete,Estudiantes,Instituto,0.4795832082089113,0.23362792717797926,0.2867888646131094,0.6428411332899229,0.0,0.0,0.0,0.0,,,,0,0,D
2026-11-01 00:00:00,15.0,incomplete,Deportivo Riestra,Talleres Córdoba,0.33296960855831487,0.2619610006378688,0.4050693908038162,0.5385720779827627,0.0,0.0,0.0,0.0,,,,0,0,D
2026-11-01 00:00:00,15.0,incomplete,Huracán,Tigre,0.36454742486728364,0.25164351620354514,0.3838090589291713,0.5883320718985712,0.0,0.0,0.0,0.0,,,,0,0,D
2026-11-01 00:00:00,15.0,incomplete,Lanús,Gimnasia Mendoza,0.4530404275975395,0.2581683580654723,0.2887912143369881,0.5378529224639524,0.0,0.0,0.0,0.0,,,,0,0,D
2026-11-01 00:00:00,15.0,incomplete,Boca Juniors,River Plate,0.3645360779739324,0.22661559398946152,0.40884832803660603,0.7041410413789156,0.0,0.0,0.0,0.0,,,,0,0,D
2026-11-01 00:00:00,15.0,incomplete,Independiente Rivadavia,Banfield,0.5542790982448925,0.22026384912713,0.22545705262797744,0.6485700383825742,0.0,0.0,0.0,0.0,,,,0,0,D
2026-11-01 00:00:00,15.0,incomplete,Racing Club,Aldosivi,0.5146472709045483,0.24632918703960277,0.2390235420558489,0.5507218824817843,0.0,0.0,0.0,0.0,,,,0,0,D
2026-11-01 00:00:00,15.0,incomplete,Belgrano,Barracas Central,0.45866104654159223,0.25519467963257647,0.28614427382583135,0.5487854662065728,0.0,0.0,0.0,0.0,,,,0,0,D
2026-11-01 00:00:00,15.0,incomplete,Platense,Central Córdoba SdE,0.4941052047475223,0.25789343632613354,0.24800135892634412,0.5118381219101169,0.0,0.0,0.0,0.0,,,,0,0,D
2026-11-01 00:00:00,15.0,incomplete,Vélez Sarsfield,San Lorenzo,0.49515540384388257,0.2465076959919134,0.258336900164204,0.5665650703225957,0.0,0.0,0.0,0.0,,,,0,0,D
2026-11-01 00:00:00,15.0,incomplete,Newell's Old Boys,Unión Santa Fe,0.27587535170620564,0.2293370120067394,0.49478763628705513,0.6547153939107517,0.0,0.0,0.0,0.0,,,,0,0,D
2026-11-01 00:00:00,15.0,incomplete,Atlético Tucumán,Argentinos Juniors,0.3001558451596001,0.23114316793908296,0.468700986901317,0.6618287530923042,0.0,0.0,0.0,0.0,,,,0,0,D
2026-11-01 00:00:00,15.0,incomplete,Sarmiento,Rosario Central,0.29575378694963667,0.24727040511521786,0.45697580793514553,0.5877812907938502,0.0,0.0,0.0,0.0,,,,0,0,D
2026-11-01 00:00:00,15.0,incomplete,Estudiantes Río Cuarto,Gimnasia La Plata,0.3018436405239602,0.2631232583753645,0.4350331011006753,0.5236328459703474,0.0,0.0,0.0,0.0,,,,0,0,D
2026-11-08 00:00:00,16.0,incomplete,Banfield,Atlético Tucumán,0.4235927426287369,0.2515447426770538,0.3248625146942094,0.5813154780977616,0.0,0.0,0.0,0.0,,,,0,0,D
2026-11-08 00:00:00,16.0,incomplete,Boca Juniors,Defensa y Justicia,0.5271340349702912,0.23674581534950467,0.236120149680204,0.5881418438069603,0.0,0.0,0.0,0.0,,,,0,0,D
2026-11-08 00:00:00,16.0,incomplete,Aldosivi,River Plate,0.208404352267481,0.21221356611931255,0.5793820816132065,0.6634170768203314,0.0,0.0,0.0,0.0,,,,0,0,D
2026-11-08 00:00:00,16.0,incomplete,Gimnasia La Plata,Belgrano,0.38673250778621066,0.26225683825191354,0.3510106539618758,0.5403701167079796,0.0,0.0,0.0,0.0,,,,0,0,D
2026-11-08 00:00:00,16.0,incomplete,Unión Santa Fe,Vélez Sarsfield,0.5027280121412887,0.21977752114703636,0.277494466711675,0.6989839041994783,0.0,0.0,0.0,0.0,,,,0,0,D
2026-11-08 00:00:00,16.0,incomplete,Barracas Central,Racing Club,0.3963718977205046,0.26074564173659853,0.3428824605428968,0.5457218242019342,0.0,0.0,0.0,0.0,,,,0,0,D
2026-11-08 00:00:00,16.0,incomplete,Independiente,Deportivo Riestra,0.526681235503458,0.2378218920974813,0.2354968723990607,0.5829366802350718,0.0,0.0,0.0,0.0,,,,0,0,D
2026-11-08 00:00:00,16.0,incomplete,Talleres Córdoba,Estudiantes,0.35870449499204937,0.2475883519644201,0.39370715304353043,0.6061951850278964,0.0,0.0,0.0,0.0,,,,0,0,D
2026-11-08 00:00:00,16.0,incomplete,Instituto,Newell's Old Boys,0.49682190095506246,0.2432151452395362,0.2599629538054013,0.5818082273890928,0.0,0.0,0.0,0.0,,,,0,0,D
2026-11-08 00:00:00,16.0,incomplete,Central Córdoba SdE,Lanús,0.3120706612031981,0.27326016938667563,0.41466916941012616,0.4866517689583997,0.0,0.0,0.0,0.0,,,,0,0,D
2026-11-08 00:00:00,16.0,incomplete,Argentinos Juniors,Huracán,0.5616174410572795,0.21981249203867825,0.21857006690404218,0.6424655389719551,0.0,0.0,0.0,0.0,,,,0,0,D
2026-11-08 00:00:00,16.0,incomplete,Rosario Central,Estudiantes Río Cuarto,0.6358018390002833,0.20111284095235682,0.16308532004736,0.641337776845987,0.0,0.0,0.0,0.0,,,,0,0,D
2026-11-08 00:00:00,16.0,incomplete,Tigre,Sarmiento,0.5076501035417983,0.24078215791444807,0.2515677385437536,0.5852642541474852,0.0,0.0,0.0,0.0,,,,0,0,D
2026-11-08 00:00:00,16.0,incomplete,San Lorenzo,Platense,0.3946588036837533,0.2616768587564593,0.3436643375597874,0.5418561154434564,0.0,0.0,0.0,0.0,,,,0,0,D
2026-11-08 00:00:00,16.0,incomplete,Gimnasia Mendoza,Independiente Rivadavia,0.28510412934747487,0.2413213407190675,0.4735745299334576,0.6076859252339059,0.0,0.0,0.0,0.0,,,,0,0,D
